"X.1","X","id","home_odds_l20","home_odds_l19","home_odds_l18","home_odds_l17","home_odds_l16","home_odds_l15","home_odds_l14","home_odds_l13","home_odds_l12","home_odds_l11","home_odds_l10","home_odds_l9","home_odds_l8","home_odds_l7","home_odds_l6","home_odds_l5","home_odds_l4","home_odds_l3","home_odds_l2","home_odds_l1","home_odds_l0","draw_odds_l20","draw_odds_l19","draw_odds_l18","draw_odds_l17","draw_odds_l16","draw_odds_l15","draw_odds_l14","draw_odds_l13","draw_odds_l12","draw_odds_l11","draw_odds_l10","draw_odds_l9","draw_odds_l8","draw_odds_l7","draw_odds_l6","draw_odds_l5","draw_odds_l4","draw_odds_l3","draw_odds_l2","draw_odds_l1","draw_odds_l0","away_odds_l20","away_odds_l19","away_odds_l18","away_odds_l17","away_odds_l16","away_odds_l15","away_odds_l14","away_odds_l13","away_odds_l12","away_odds_l11","away_odds_l10","away_odds_l9","away_odds_l8","away_odds_l7","away_odds_l6","away_odds_l5","away_odds_l4","away_odds_l3","away_odds_l2","away_odds_l1","away_odds_l0","result","home_sd_l20","home_sd_l19","home_sd_l18","home_sd_l17","home_sd_l16","home_sd_l15","home_sd_l14","home_sd_l13","home_sd_l12","home_sd_l11","home_sd_l10","home_sd_l9","home_sd_l8","home_sd_l7","home_sd_l6","home_sd_l5","home_sd_l4","home_sd_l3","home_sd_l2","home_sd_l1","home_sd_l0","draw_sd_l20","draw_sd_l19","draw_sd_l18","draw_sd_l17","draw_sd_l16","draw_sd_l15","draw_sd_l14","draw_sd_l13","draw_sd_l12","draw_sd_l11","draw_sd_l10","draw_sd_l9","draw_sd_l8","draw_sd_l7","draw_sd_l6","draw_sd_l5","draw_sd_l4","draw_sd_l3","draw_sd_l2","draw_sd_l1","draw_sd_l0","away_sd_l20","away_sd_l19","away_sd_l18","away_sd_l17","away_sd_l16","away_sd_l15","away_sd_l14","away_sd_l13","away_sd_l12","away_sd_l11","away_sd_l10","away_sd_l9","away_sd_l8","away_sd_l7","away_sd_l6","away_sd_l5","away_sd_l4","away_sd_l3","away_sd_l2","away_sd_l1","away_sd_l0","home_nleaders_l20","home_nleaders_l19","home_nleaders_l18","home_nleaders_l17","home_nleaders_l16","home_nleaders_l15","home_nleaders_l14","home_nleaders_l13","home_nleaders_l12","home_nleaders_l11","home_nleaders_l10","home_nleaders_l9","home_nleaders_l8","home_nleaders_l7","home_nleaders_l6","home_nleaders_l5","home_nleaders_l4","home_nleaders_l3","home_nleaders_l2","home_nleaders_l1","home_nleaders_l0","draw_nleaders_l20","draw_nleaders_l19","draw_nleaders_l18","draw_nleaders_l17","draw_nleaders_l16","draw_nleaders_l15","draw_nleaders_l14","draw_nleaders_l13","draw_nleaders_l12","draw_nleaders_l11","draw_nleaders_l10","draw_nleaders_l9","draw_nleaders_l8","draw_nleaders_l7","draw_nleaders_l6","draw_nleaders_l5","draw_nleaders_l4","draw_nleaders_l3","draw_nleaders_l2","draw_nleaders_l1","draw_nleaders_l0","away_nleaders_l20","away_nleaders_l19","away_nleaders_l18","away_nleaders_l17","away_nleaders_l16","away_nleaders_l15","away_nleaders_l14","away_nleaders_l13","away_nleaders_l12","away_nleaders_l11","away_nleaders_l10","away_nleaders_l9","away_nleaders_l8","away_nleaders_l7","away_nleaders_l6","away_nleaders_l5","away_nleaders_l4","away_nleaders_l3","away_nleaders_l2","away_nleaders_l1","away_nleaders_l0","home_leader_l20","home_leader_l19","home_leader_l18","home_leader_l17","home_leader_l16","home_leader_l15","home_leader_l14","home_leader_l13","home_leader_l12","home_leader_l11","home_leader_l10","home_leader_l9","home_leader_l8","home_leader_l7","home_leader_l6","home_leader_l5","home_leader_l4","home_leader_l3","home_leader_l2","home_leader_l1","home_leader_l0","draw_leader_l20","draw_leader_l19","draw_leader_l18","draw_leader_l17","draw_leader_l16","draw_leader_l15","draw_leader_l14","draw_leader_l13","draw_leader_l12","draw_leader_l11","draw_leader_l10","draw_leader_l9","draw_leader_l8","draw_leader_l7","draw_leader_l6","draw_leader_l5","draw_leader_l4","draw_leader_l3","draw_leader_l2","draw_leader_l1","draw_leader_l0","away_leader_l20","away_leader_l19","away_leader_l18","away_leader_l17","away_leader_l16","away_leader_l15","away_leader_l14","away_leader_l13","away_leader_l12","away_leader_l11","away_leader_l10","away_leader_l9","away_leader_l8","away_leader_l7","away_leader_l6","away_leader_l5","away_leader_l4","away_leader_l3","away_leader_l2","away_leader_l1","away_leader_l0"
NA,NA,"2026-03-07_Chiba_Kashiwa Reysol",NA,NA,NA,NA,NA,NA,NA,NA,NA,NA,NA,NA,NA,NA,NA,NA,NA,5.3,NA,5,NA,NA,NA,NA,NA,NA,NA,NA,NA,NA,NA,NA,NA,NA,NA,NA,NA,NA,3.9,NA,3.85,NA,NA,NA,NA,NA,NA,NA,NA,NA,NA,NA,NA,NA,NA,NA,NA,NA,NA,1.75,NA,1.78,NA,1,NA,NA,NA,NA,NA,NA,NA,NA,NA,NA,NA,NA,NA,NA,NA,NA,NA,0.238638611915118,NA,0.215268750450768,NA,NA,NA,NA,NA,NA,NA,NA,NA,NA,NA,NA,NA,NA,NA,NA,NA,NA,0.0948492011971736,NA,0.0956713952705608,NA,NA,NA,NA,NA,NA,NA,NA,NA,NA,NA,NA,NA,NA,NA,NA,NA,NA,0.0342429649002724,NA,0.0430282299360382,NA,NA,NA,NA,NA,NA,NA,NA,NA,NA,NA,NA,NA,NA,NA,NA,NA,NA,1,NA,1,NA,NA,NA,NA,NA,NA,NA,NA,NA,NA,NA,NA,NA,NA,NA,NA,NA,NA,1,NA,2,NA,NA,NA,NA,NA,NA,NA,NA,NA,NA,NA,NA,NA,NA,NA,NA,NA,NA,1,NA,1,NA,NA,NA,NA,NA,NA,NA,NA,NA,NA,NA,NA,NA,NA,NA,NA,NA,NA,"Mozzartbet",NA,"Unibet",NA,NA,NA,NA,NA,NA,NA,NA,NA,NA,NA,NA,NA,NA,NA,NA,NA,NA,"BetInAsia",NA,NA,NA,NA,NA,NA,NA,NA,NA,NA,NA,NA,NA,NA,NA,NA,NA,NA,NA,NA,"BetInAsia",NA,"BetInAsia",NA
NA,NA,"2026-03-07_FC Tokyo_Yokohama F. Marinos",NA,NA,NA,NA,NA,NA,NA,NA,NA,NA,NA,NA,NA,NA,NA,NA,NA,2.01,NA,2.01,NA,NA,NA,NA,NA,NA,NA,NA,NA,NA,NA,NA,NA,NA,NA,NA,NA,NA,3.65,NA,3.7,NA,NA,NA,NA,NA,NA,NA,NA,NA,NA,NA,NA,NA,NA,NA,NA,NA,NA,3.8,NA,3.84,NA,1,NA,NA,NA,NA,NA,NA,NA,NA,NA,NA,NA,NA,NA,NA,NA,NA,NA,0.0312120737597984,NA,0.0420619346821606,NA,NA,NA,NA,NA,NA,NA,NA,NA,NA,NA,NA,NA,NA,NA,NA,NA,NA,0.0993019994601025,NA,0.109713913689845,NA,NA,NA,NA,NA,NA,NA,NA,NA,NA,NA,NA,NA,NA,NA,NA,NA,NA,0.0907229031793533,NA,0.118649811537051,NA,NA,NA,NA,NA,NA,NA,NA,NA,NA,NA,NA,NA,NA,NA,NA,NA,NA,1,NA,1,NA,NA,NA,NA,NA,NA,NA,NA,NA,NA,NA,NA,NA,NA,NA,NA,NA,NA,1,NA,1,NA,NA,NA,NA,NA,NA,NA,NA,NA,NA,NA,NA,NA,NA,NA,NA,NA,NA,1,NA,1,NA,NA,NA,NA,NA,NA,NA,NA,NA,NA,NA,NA,NA,NA,NA,NA,NA,NA,"BetInAsia",NA,"BetInAsia",NA,NA,NA,NA,NA,NA,NA,NA,NA,NA,NA,NA,NA,NA,NA,NA,NA,NA,"BetInAsia",NA,"BetInAsia",NA,NA,NA,NA,NA,NA,NA,NA,NA,NA,NA,NA,NA,NA,NA,NA,NA,NA,"Mozzartbet",NA,"BetInAsia",NA
NA,NA,"2026-03-07_Urawa Reds_Mito",NA,NA,NA,NA,NA,NA,NA,NA,NA,NA,NA,NA,NA,NA,NA,NA,NA,2.14,NA,2.1,NA,NA,NA,NA,NA,NA,NA,NA,NA,NA,NA,NA,NA,NA,NA,NA,NA,NA,3.58,NA,3.67,NA,NA,NA,NA,NA,NA,NA,NA,NA,NA,NA,NA,NA,NA,NA,NA,NA,NA,3.85,NA,3.8,NA,1,NA,NA,NA,NA,NA,NA,NA,NA,NA,NA,NA,NA,NA,NA,NA,NA,NA,0.0600940123687931,NA,0.0517380459316488,NA,NA,NA,NA,NA,NA,NA,NA,NA,NA,NA,NA,NA,NA,NA,NA,NA,NA,0.139532630014308,NA,0.184398636499452,NA,NA,NA,NA,NA,NA,NA,NA,NA,NA,NA,NA,NA,NA,NA,NA,NA,NA,0.137489002492751,NA,0.601524254350087,NA,NA,NA,NA,NA,NA,NA,NA,NA,NA,NA,NA,NA,NA,NA,NA,NA,NA,1,NA,1,NA,NA,NA,NA,NA,NA,NA,NA,NA,NA,NA,NA,NA,NA,NA,NA,NA,NA,1,NA,1,NA,NA,NA,NA,NA,NA,NA,NA,NA,NA,NA,NA,NA,NA,NA,NA,NA,NA,1,NA,1,NA,NA,NA,NA,NA,NA,NA,NA,NA,NA,NA,NA,NA,NA,NA,NA,NA,NA,"BetInAsia",NA,"Mozzartbet",NA,NA,NA,NA,NA,NA,NA,NA,NA,NA,NA,NA,NA,NA,NA,NA,NA,NA,"BetInAsia",NA,"BetInAsia",NA,NA,NA,NA,NA,NA,NA,NA,NA,NA,NA,NA,NA,NA,NA,NA,NA,NA,"Unibet",NA,"BetInAsia",NA
NA,NA,"2026-03-07_Cerezo Osaka_Shimizu S-Pulse",NA,NA,NA,NA,NA,NA,NA,NA,NA,NA,NA,NA,NA,NA,NA,NA,NA,2.26,NA,2.28,NA,NA,NA,NA,NA,NA,NA,NA,NA,NA,NA,NA,NA,NA,NA,NA,NA,NA,3.77,NA,3.85,NA,NA,NA,NA,NA,NA,NA,NA,NA,NA,NA,NA,NA,NA,NA,NA,NA,NA,3.25,NA,3.3,NA,NA,NA,NA,NA,NA,NA,NA,NA,NA,NA,NA,NA,NA,NA,NA,NA,NA,NA,0.0384319675404767,NA,0.0549285249860476,NA,NA,NA,NA,NA,NA,NA,NA,NA,NA,NA,NA,NA,NA,NA,NA,NA,NA,0.146639782482284,NA,0.160385448415659,NA,NA,NA,NA,NA,NA,NA,NA,NA,NA,NA,NA,NA,NA,NA,NA,NA,NA,0.11497369965737,NA,0.10929645138665,NA,NA,NA,NA,NA,NA,NA,NA,NA,NA,NA,NA,NA,NA,NA,NA,NA,NA,1,NA,1,NA,NA,NA,NA,NA,NA,NA,NA,NA,NA,NA,NA,NA,NA,NA,NA,NA,NA,1,NA,1,NA,NA,NA,NA,NA,NA,NA,NA,NA,NA,NA,NA,NA,NA,NA,NA,NA,NA,1,NA,1,NA,NA,NA,NA,NA,NA,NA,NA,NA,NA,NA,NA,NA,NA,NA,NA,NA,NA,"BetInAsia",NA,"BetInAsia",NA,NA,NA,NA,NA,NA,NA,NA,NA,NA,NA,NA,NA,NA,NA,NA,NA,NA,"BetInAsia",NA,"BetInAsia",NA,NA,NA,NA,NA,NA,NA,NA,NA,NA,NA,NA,NA,NA,NA,NA,NA,NA,"bet365",NA,"Mozzartbet",NA
NA,NA,"2026-03-07_Kashima Antlers_Verdy",NA,NA,NA,NA,NA,NA,NA,NA,NA,NA,NA,NA,NA,NA,NA,NA,NA,1.81,NA,1.83,NA,NA,NA,NA,NA,NA,NA,NA,NA,NA,NA,NA,NA,NA,NA,NA,NA,NA,4,NA,3.92,NA,NA,NA,NA,NA,NA,NA,NA,NA,NA,NA,NA,NA,NA,NA,NA,NA,NA,4.9,NA,4.9,NA,1,NA,NA,NA,NA,NA,NA,NA,NA,NA,NA,NA,NA,NA,NA,NA,NA,NA,0.0369338991067259,NA,0.0369641611070671,NA,NA,NA,NA,NA,NA,NA,NA,NA,NA,NA,NA,NA,NA,NA,NA,NA,NA,0.201813351967252,NA,0.195258070987384,NA,NA,NA,NA,NA,NA,NA,NA,NA,NA,NA,NA,NA,NA,NA,NA,NA,NA,0.252917652032588,NA,0.312199061446786,NA,NA,NA,NA,NA,NA,NA,NA,NA,NA,NA,NA,NA,NA,NA,NA,NA,NA,1,NA,3,NA,NA,NA,NA,NA,NA,NA,NA,NA,NA,NA,NA,NA,NA,NA,NA,NA,NA,1,NA,1,NA,NA,NA,NA,NA,NA,NA,NA,NA,NA,NA,NA,NA,NA,NA,NA,NA,NA,1,NA,2,NA,NA,NA,NA,NA,NA,NA,NA,NA,NA,NA,NA,NA,NA,NA,NA,NA,NA,"BetInAsia",NA,NA,NA,NA,NA,NA,NA,NA,NA,NA,NA,NA,NA,NA,NA,NA,NA,NA,NA,NA,"bet365",NA,"BetInAsia",NA,NA,NA,NA,NA,NA,NA,NA,NA,NA,NA,NA,NA,NA,NA,NA,NA,NA,"Mozzartbet",NA,NA,NA
NA,NA,"2026-03-07_Avispa Fukuoka_Nagoya Grampus",NA,NA,NA,NA,NA,NA,NA,NA,NA,NA,NA,NA,NA,NA,NA,NA,NA,2.9,NA,2.91,NA,NA,NA,NA,NA,NA,NA,NA,NA,NA,NA,NA,NA,NA,NA,NA,NA,NA,3.1,NA,3.13,NA,NA,NA,NA,NA,NA,NA,NA,NA,NA,NA,NA,NA,NA,NA,NA,NA,NA,2.7,NA,2.7,NA,2,NA,NA,NA,NA,NA,NA,NA,NA,NA,NA,NA,NA,NA,NA,NA,NA,NA,0.0588601404095526,NA,0.0730666145290047,NA,NA,NA,NA,NA,NA,NA,NA,NA,NA,NA,NA,NA,NA,NA,NA,NA,NA,0.0727318317852556,NA,0.0749200632208481,NA,NA,NA,NA,NA,NA,NA,NA,NA,NA,NA,NA,NA,NA,NA,NA,NA,NA,0.0364945864301773,NA,0.0685264402685052,NA,NA,NA,NA,NA,NA,NA,NA,NA,NA,NA,NA,NA,NA,NA,NA,NA,NA,1,NA,1,NA,NA,NA,NA,NA,NA,NA,NA,NA,NA,NA,NA,NA,NA,NA,NA,NA,NA,2,NA,1,NA,NA,NA,NA,NA,NA,NA,NA,NA,NA,NA,NA,NA,NA,NA,NA,NA,NA,2,NA,1,NA,NA,NA,NA,NA,NA,NA,NA,NA,NA,NA,NA,NA,NA,NA,NA,NA,NA,"Mozzartbet",NA,"BetInAsia",NA,NA,NA,NA,NA,NA,NA,NA,NA,NA,NA,NA,NA,NA,NA,NA,NA,NA,NA,NA,"BetInAsia",NA,NA,NA,NA,NA,NA,NA,NA,NA,NA,NA,NA,NA,NA,NA,NA,NA,NA,NA,NA,"Stake.com",NA
NA,NA,"2026-03-08_Okayama_Kyoto",NA,NA,NA,NA,NA,NA,NA,NA,NA,NA,NA,NA,NA,NA,NA,NA,3.6,NA,3.6,NA,NA,NA,NA,NA,NA,NA,NA,NA,NA,NA,NA,NA,NA,NA,NA,NA,NA,3.5,NA,3.42,NA,NA,NA,NA,NA,NA,NA,NA,NA,NA,NA,NA,NA,NA,NA,NA,NA,NA,2.15,NA,2.17,NA,NA,1,NA,NA,NA,NA,NA,NA,NA,NA,NA,NA,NA,NA,NA,NA,NA,NA,0.082184957269722,NA,0.480366592814346,NA,NA,NA,NA,NA,NA,NA,NA,NA,NA,NA,NA,NA,NA,NA,NA,NA,NA,0.155505042303516,NA,0.533859264493662,NA,NA,NA,NA,NA,NA,NA,NA,NA,NA,NA,NA,NA,NA,NA,NA,NA,NA,0.0381571943347633,NA,0.180038796524439,NA,NA,NA,NA,NA,NA,NA,NA,NA,NA,NA,NA,NA,NA,NA,NA,NA,NA,1,NA,1,NA,NA,NA,NA,NA,NA,NA,NA,NA,NA,NA,NA,NA,NA,NA,NA,NA,NA,1,NA,1,NA,NA,NA,NA,NA,NA,NA,NA,NA,NA,NA,NA,NA,NA,NA,NA,NA,NA,2,NA,1,NA,NA,NA,NA,NA,NA,NA,NA,NA,NA,NA,NA,NA,NA,NA,NA,NA,NA,"Mozzartbet",NA,"Mozzartbet",NA,NA,NA,NA,NA,NA,NA,NA,NA,NA,NA,NA,NA,NA,NA,NA,NA,NA,"BetInAsia",NA,"BetInAsia",NA,NA,NA,NA,NA,NA,NA,NA,NA,NA,NA,NA,NA,NA,NA,NA,NA,NA,NA,NA,"BetInAsia",NA,NA
NA,NA,"2026-03-08_Gamba Osaka_V-Varen Nagasaki",NA,NA,NA,NA,NA,NA,NA,NA,NA,NA,NA,NA,NA,NA,NA,NA,2.1,NA,2.15,NA,NA,NA,NA,NA,NA,NA,NA,NA,NA,NA,NA,NA,NA,NA,NA,NA,NA,3.65,NA,3.62,NA,NA,NA,NA,NA,NA,NA,NA,NA,NA,NA,NA,NA,NA,NA,NA,NA,NA,3.45,NA,3.45,NA,NA,1,NA,NA,NA,NA,NA,NA,NA,NA,NA,NA,NA,NA,NA,NA,NA,NA,0.0498088299423896,NA,0.141079736544594,NA,NA,NA,NA,NA,NA,NA,NA,NA,NA,NA,NA,NA,NA,NA,NA,NA,NA,0.0684676280584775,NA,0.104806700379529,NA,NA,NA,NA,NA,NA,NA,NA,NA,NA,NA,NA,NA,NA,NA,NA,NA,NA,0.0790867412634897,NA,0.116024080697014,NA,NA,NA,NA,NA,NA,NA,NA,NA,NA,NA,NA,NA,NA,NA,NA,NA,NA,1,NA,1,NA,NA,NA,NA,NA,NA,NA,NA,NA,NA,NA,NA,NA,NA,NA,NA,NA,NA,1,NA,1,NA,NA,NA,NA,NA,NA,NA,NA,NA,NA,NA,NA,NA,NA,NA,NA,NA,NA,2,NA,1,NA,NA,NA,NA,NA,NA,NA,NA,NA,NA,NA,NA,NA,NA,NA,NA,NA,NA,"Mozzartbet",NA,"Mozzartbet",NA,NA,NA,NA,NA,NA,NA,NA,NA,NA,NA,NA,NA,NA,NA,NA,NA,NA,"Stake.com",NA,"BetInAsia",NA,NA,NA,NA,NA,NA,NA,NA,NA,NA,NA,NA,NA,NA,NA,NA,NA,NA,NA,NA,"Unibet",NA,NA
NA,NA,"2026-03-14_Mito_FC Tokyo",NA,NA,NA,NA,NA,NA,NA,NA,NA,NA,NA,NA,NA,NA,NA,3.33,3.33,NA,3.33,3.58,NA,NA,NA,NA,NA,NA,NA,NA,NA,NA,NA,NA,NA,NA,NA,NA,3.3,3.3,NA,3.3,3.37,NA,NA,NA,NA,NA,NA,NA,NA,NA,NA,NA,NA,NA,NA,NA,NA,2.28,2.28,NA,2.28,2.28,NA,NA,NA,NA,NA,NA,NA,NA,NA,NA,NA,NA,NA,NA,NA,NA,NA,0.0859340216948798,0.0784153398082376,NA,0.0787682959346236,0.132070207399473,NA,NA,NA,NA,NA,NA,NA,NA,NA,NA,NA,NA,NA,NA,NA,NA,0.0801486713789412,0.0773408636840984,NA,0.0962140470884727,0.0794844499117769,NA,NA,NA,NA,NA,NA,NA,NA,NA,NA,NA,NA,NA,NA,NA,NA,0.0357312129197929,0.0367282659166122,NA,0.0424936970116073,0.0608641474469531,NA,NA,NA,NA,NA,NA,NA,NA,NA,NA,NA,NA,NA,NA,NA,NA,1,1,NA,1,1,NA,NA,NA,NA,NA,NA,NA,NA,NA,NA,NA,NA,NA,NA,NA,NA,3,3,NA,4,1,NA,NA,NA,NA,NA,NA,NA,NA,NA,NA,NA,NA,NA,NA,NA,NA,1,2,NA,2,1,NA,NA,NA,NA,NA,NA,NA,NA,NA,NA,NA,NA,NA,NA,NA,NA,"BetInAsia","BetInAsia",NA,"BetInAsia","BetInAsia",NA,NA,NA,NA,NA,NA,NA,NA,NA,NA,NA,NA,NA,NA,NA,NA,NA,NA,NA,NA,"BetInAsia",NA,NA,NA,NA,NA,NA,NA,NA,NA,NA,NA,NA,NA,NA,NA,NA,"Roobet",NA,NA,NA,"BetInAsia",NA
NA,NA,"2026-03-14_Kyoto_Cerezo Osaka",NA,NA,NA,NA,NA,NA,NA,NA,NA,NA,NA,NA,NA,NA,NA,2.1,2.16,NA,2.16,2.16,NA,NA,NA,NA,NA,NA,NA,NA,NA,NA,NA,NA,NA,NA,NA,NA,3.55,3.5,NA,3.5,3.5,NA,NA,NA,NA,NA,NA,NA,NA,NA,NA,NA,NA,NA,NA,NA,NA,3.6,3.6,NA,3.6,3.58,NA,2,NA,NA,NA,NA,NA,NA,NA,NA,NA,NA,NA,NA,NA,NA,NA,0.0374024303881687,0.0440480406494713,NA,0.0432049379893858,0.041081632571739,NA,NA,NA,NA,NA,NA,NA,NA,NA,NA,NA,NA,NA,NA,NA,NA,0.0840508790230671,0.0777144788947662,NA,0.0874596927788028,0.0798528057630745,NA,NA,NA,NA,NA,NA,NA,NA,NA,NA,NA,NA,NA,NA,NA,NA,0.134148302992499,0.122119218177467,NA,0.131173233215849,0.106337504598027,NA,NA,NA,NA,NA,NA,NA,NA,NA,NA,NA,NA,NA,NA,NA,NA,1,1,NA,1,1,NA,NA,NA,NA,NA,NA,NA,NA,NA,NA,NA,NA,NA,NA,NA,NA,1,3,NA,2,2,NA,NA,NA,NA,NA,NA,NA,NA,NA,NA,NA,NA,NA,NA,NA,NA,1,1,NA,1,1,NA,NA,NA,NA,NA,NA,NA,NA,NA,NA,NA,NA,NA,NA,NA,NA,"Megapari","BetInAsia",NA,"BetInAsia","BetInAsia",NA,NA,NA,NA,NA,NA,NA,NA,NA,NA,NA,NA,NA,NA,NA,NA,"Stake.com",NA,NA,NA,NA,NA,NA,NA,NA,NA,NA,NA,NA,NA,NA,NA,NA,NA,NA,NA,NA,"BetInAsia","BetInAsia",NA,"bet365","BetInAsia",NA
NA,NA,"2026-03-14_Nagoya Grampus_Vissel Kobe",NA,NA,NA,NA,NA,NA,NA,NA,NA,NA,NA,NA,NA,NA,NA,3.35,3.35,NA,3.35,3.35,NA,NA,NA,NA,NA,NA,NA,NA,NA,NA,NA,NA,NA,NA,NA,NA,3.35,3.35,NA,3.35,3.35,NA,NA,NA,NA,NA,NA,NA,NA,NA,NA,NA,NA,NA,NA,NA,NA,2.31,2.31,NA,2.31,2.4,NA,2,NA,NA,NA,NA,NA,NA,NA,NA,NA,NA,NA,NA,NA,NA,NA,0.0844151996143226,0.0940628305546565,NA,0.0912644856951835,0.0968979171561822,NA,NA,NA,NA,NA,NA,NA,NA,NA,NA,NA,NA,NA,NA,NA,NA,0.0703016930260434,0.0679215233437335,NA,0.0778460018241142,0.0753257476163911,NA,NA,NA,NA,NA,NA,NA,NA,NA,NA,NA,NA,NA,NA,NA,NA,0.0586848817321407,0.0603286020879404,NA,0.0548504460198039,0.0788106027835792,NA,NA,NA,NA,NA,NA,NA,NA,NA,NA,NA,NA,NA,NA,NA,NA,1,1,NA,1,1,NA,NA,NA,NA,NA,NA,NA,NA,NA,NA,NA,NA,NA,NA,NA,NA,1,1,NA,1,1,NA,NA,NA,NA,NA,NA,NA,NA,NA,NA,NA,NA,NA,NA,NA,NA,1,1,NA,1,1,NA,NA,NA,NA,NA,NA,NA,NA,NA,NA,NA,NA,NA,NA,NA,NA,"Stake.com","Stake.com",NA,"Unibet","Unibet",NA,NA,NA,NA,NA,NA,NA,NA,NA,NA,NA,NA,NA,NA,NA,NA,"BetInAsia","BetInAsia",NA,"BetInAsia","BetInAsia",NA,NA,NA,NA,NA,NA,NA,NA,NA,NA,NA,NA,NA,NA,NA,NA,"BetInAsia","BetInAsia",NA,"BetInAsia","BetInAsia",NA
NA,NA,"2026-03-14_Shimizu S-Pulse_Okayama",NA,NA,NA,NA,NA,NA,NA,NA,NA,NA,NA,NA,NA,NA,NA,2.35,2.35,NA,2.35,2.36,NA,NA,NA,NA,NA,NA,NA,NA,NA,NA,NA,NA,NA,NA,NA,NA,3.41,3.4,NA,3.4,3.35,NA,NA,NA,NA,NA,NA,NA,NA,NA,NA,NA,NA,NA,NA,NA,NA,3.2,3.2,NA,3.2,3.2,NA,NA,NA,NA,NA,NA,NA,NA,NA,NA,NA,NA,NA,NA,NA,NA,NA,0.0558389596786098,0.0534940108367497,NA,0.046770955534818,0.0497121840977826,NA,NA,NA,NA,NA,NA,NA,NA,NA,NA,NA,NA,NA,NA,NA,NA,0.0732936400512191,0.0689827564660558,NA,0.0768497387955299,0.0684850062307901,NA,NA,NA,NA,NA,NA,NA,NA,NA,NA,NA,NA,NA,NA,NA,NA,0.0665395613715122,0.0595616168928997,NA,0.0665846197439977,0.0664720868065738,NA,NA,NA,NA,NA,NA,NA,NA,NA,NA,NA,NA,NA,NA,NA,NA,1,1,NA,1,1,NA,NA,NA,NA,NA,NA,NA,NA,NA,NA,NA,NA,NA,NA,NA,NA,1,1,NA,2,1,NA,NA,NA,NA,NA,NA,NA,NA,NA,NA,NA,NA,NA,NA,NA,NA,1,1,NA,1,1,NA,NA,NA,NA,NA,NA,NA,NA,NA,NA,NA,NA,NA,NA,NA,NA,"Megapari","Megapari",NA,"Mozzartbet","BetInAsia",NA,NA,NA,NA,NA,NA,NA,NA,NA,NA,NA,NA,NA,NA,NA,NA,"BetInAsia","BetInAsia",NA,NA,"BetInAsia",NA,NA,NA,NA,NA,NA,NA,NA,NA,NA,NA,NA,NA,NA,NA,NA,"Stake.com","Stake.com",NA,"Unibet","Unibet",NA
NA,NA,"2026-03-14_Yokohama F. Marinos_Chiba",NA,NA,NA,NA,NA,NA,NA,NA,NA,NA,NA,NA,NA,NA,NA,2.14,2.14,NA,2.14,2.14,NA,NA,NA,NA,NA,NA,NA,NA,NA,NA,NA,NA,NA,NA,NA,NA,3.6,3.6,NA,3.6,3.6,NA,NA,NA,NA,NA,NA,NA,NA,NA,NA,NA,NA,NA,NA,NA,NA,3.72,3.7,NA,3.75,3.76,NA,1,NA,NA,NA,NA,NA,NA,NA,NA,NA,NA,NA,NA,NA,NA,NA,0.0610013444209554,0.0540497854791749,NA,0.0510617428933011,0.0580202482444638,NA,NA,NA,NA,NA,NA,NA,NA,NA,NA,NA,NA,NA,NA,NA,NA,0.0910026454641923,0.0967661002671884,NA,0.094732706676658,0.0991535605585022,NA,NA,NA,NA,NA,NA,NA,NA,NA,NA,NA,NA,NA,NA,NA,NA,0.182186891658164,0.151862006326524,NA,0.144929101440823,0.147443828421818,NA,NA,NA,NA,NA,NA,NA,NA,NA,NA,NA,NA,NA,NA,NA,NA,1,1,NA,1,1,NA,NA,NA,NA,NA,NA,NA,NA,NA,NA,NA,NA,NA,NA,NA,NA,1,1,NA,1,1,NA,NA,NA,NA,NA,NA,NA,NA,NA,NA,NA,NA,NA,NA,NA,NA,1,1,NA,1,1,NA,NA,NA,NA,NA,NA,NA,NA,NA,NA,NA,NA,NA,NA,NA,NA,"Stake.com","Stake.com",NA,"Unibet","Unibet",NA,NA,NA,NA,NA,NA,NA,NA,NA,NA,NA,NA,NA,NA,NA,NA,"BetInAsia","BetInAsia",NA,"BetInAsia","BetInAsia",NA,NA,NA,NA,NA,NA,NA,NA,NA,NA,NA,NA,NA,NA,NA,NA,"BetInAsia","bet365",NA,"bet365","BetInAsia",NA
NA,NA,"2026-03-14_Kashiwa Reysol_Machida",NA,NA,NA,NA,NA,NA,NA,NA,NA,NA,NA,NA,NA,NA,NA,2.15,2.15,NA,2.15,2.15,NA,NA,NA,NA,NA,NA,NA,NA,NA,NA,NA,NA,NA,NA,NA,NA,3.41,3.41,NA,3.43,3.41,NA,NA,NA,NA,NA,NA,NA,NA,NA,NA,NA,NA,NA,NA,NA,NA,3.83,3.83,NA,3.89,4.02,NA,2,NA,NA,NA,NA,NA,NA,NA,NA,NA,NA,NA,NA,NA,NA,NA,0.0604568147939209,0.0578702472540198,NA,0.0550901137675412,0.0534403687849646,NA,NA,NA,NA,NA,NA,NA,NA,NA,NA,NA,NA,NA,NA,NA,NA,0.0951551225867391,0.0842710460087111,NA,0.0888801583014035,0.0831617280717098,NA,NA,NA,NA,NA,NA,NA,NA,NA,NA,NA,NA,NA,NA,NA,NA,0.151667974876619,0.146474272975421,NA,0.157480157480236,0.186616489854767,NA,NA,NA,NA,NA,NA,NA,NA,NA,NA,NA,NA,NA,NA,NA,NA,1,1,NA,1,1,NA,NA,NA,NA,NA,NA,NA,NA,NA,NA,NA,NA,NA,NA,NA,NA,1,1,NA,1,1,NA,NA,NA,NA,NA,NA,NA,NA,NA,NA,NA,NA,NA,NA,NA,NA,1,1,NA,1,1,NA,NA,NA,NA,NA,NA,NA,NA,NA,NA,NA,NA,NA,NA,NA,NA,"Stake.com","Stake.com",NA,"Unibet","Unibet",NA,NA,NA,NA,NA,NA,NA,NA,NA,NA,NA,NA,NA,NA,NA,NA,"BetInAsia","BetInAsia",NA,"BetInAsia","BetInAsia",NA,NA,NA,NA,NA,NA,NA,NA,NA,NA,NA,NA,NA,NA,NA,NA,"BetInAsia","BetInAsia",NA,"BetInAsia","BetInAsia",NA
NA,NA,"2026-03-14_Kashima Antlers_Kawasaki Frontale",NA,NA,NA,NA,NA,NA,NA,NA,NA,NA,NA,NA,NA,NA,NA,2.12,2.12,NA,2.04,2,NA,NA,NA,NA,NA,NA,NA,NA,NA,NA,NA,NA,NA,NA,NA,NA,3.85,3.84,NA,3.84,3.89,NA,NA,NA,NA,NA,NA,NA,NA,NA,NA,NA,NA,NA,NA,NA,NA,3.7,3.7,NA,3.7,3.8,NA,1,NA,NA,NA,NA,NA,NA,NA,NA,NA,NA,NA,NA,NA,NA,NA,0.0606141408754927,0.059754286144541,NA,0.0422238930329398,0.0305920417081472,NA,NA,NA,NA,NA,NA,NA,NA,NA,NA,NA,NA,NA,NA,NA,NA,0.126927467518193,0.119704617297324,NA,0.109816585904327,0.122492630163796,NA,NA,NA,NA,NA,NA,NA,NA,NA,NA,NA,NA,NA,NA,NA,NA,0.163009072360889,0.159199145148748,NA,0.100297968771469,0.112439048744374,NA,NA,NA,NA,NA,NA,NA,NA,NA,NA,NA,NA,NA,NA,NA,NA,1,1,NA,1,1,NA,NA,NA,NA,NA,NA,NA,NA,NA,NA,NA,NA,NA,NA,NA,NA,1,1,NA,1,1,NA,NA,NA,NA,NA,NA,NA,NA,NA,NA,NA,NA,NA,NA,NA,NA,1,1,NA,1,1,NA,NA,NA,NA,NA,NA,NA,NA,NA,NA,NA,NA,NA,NA,NA,NA,"Stake.com","Stake.com",NA,"BetInAsia","BetInAsia",NA,NA,NA,NA,NA,NA,NA,NA,NA,NA,NA,NA,NA,NA,NA,NA,"BetInAsia","BetInAsia",NA,"BetInAsia","BetInAsia",NA,NA,NA,NA,NA,NA,NA,NA,NA,NA,NA,NA,NA,NA,NA,NA,"Megapari","Megapari",NA,"Mozzartbet","Mozzartbet",NA
NA,NA,"2026-03-14_Sanfrecce Hiroshima_Gamba Osaka",NA,NA,NA,NA,NA,NA,NA,NA,NA,NA,NA,NA,NA,NA,NA,1.68,1.68,NA,1.68,1.68,NA,NA,NA,NA,NA,NA,NA,NA,NA,NA,NA,NA,NA,NA,NA,NA,4.2,4.2,NA,4.2,4.2,NA,NA,NA,NA,NA,NA,NA,NA,NA,NA,NA,NA,NA,NA,NA,NA,5.6,5.6,NA,5.6,5.6,NA,1,NA,NA,NA,NA,NA,NA,NA,NA,NA,NA,NA,NA,NA,NA,NA,0.0276026223736941,0.0270036183186411,NA,0.0259987659106543,0.0264878137654821,NA,NA,NA,NA,NA,NA,NA,NA,NA,NA,NA,NA,NA,NA,NA,NA,0.14397420403868,0.126625522658372,NA,0.120341166833871,0.119162257001792,NA,NA,NA,NA,NA,NA,NA,NA,NA,NA,NA,NA,NA,NA,NA,NA,0.282277209991213,0.275016404944334,NA,0.25779816339169,0.260174081308401,NA,NA,NA,NA,NA,NA,NA,NA,NA,NA,NA,NA,NA,NA,NA,NA,1,1,NA,1,1,NA,NA,NA,NA,NA,NA,NA,NA,NA,NA,NA,NA,NA,NA,NA,NA,1,1,NA,1,1,NA,NA,NA,NA,NA,NA,NA,NA,NA,NA,NA,NA,NA,NA,NA,NA,1,1,NA,1,1,NA,NA,NA,NA,NA,NA,NA,NA,NA,NA,NA,NA,NA,NA,NA,NA,"Stake.com","Stake.com",NA,"Unibet","Unibet",NA,NA,NA,NA,NA,NA,NA,NA,NA,NA,NA,NA,NA,NA,NA,NA,"BetInAsia","BetInAsia",NA,"BetInAsia","BetInAsia",NA,NA,NA,NA,NA,NA,NA,NA,NA,NA,NA,NA,NA,NA,NA,NA,"Megapari","Megapari",NA,"Mozzartbet","Mozzartbet",NA
NA,NA,"2026-03-14_Verdy_Urawa Reds",NA,NA,NA,NA,NA,NA,NA,NA,NA,NA,NA,NA,NA,NA,NA,3.32,3.32,NA,3.36,3.47,NA,NA,NA,NA,NA,NA,NA,NA,NA,NA,NA,NA,NA,NA,NA,NA,3.1,3.1,NA,3.1,3.1,NA,NA,NA,NA,NA,NA,NA,NA,NA,NA,NA,NA,NA,NA,NA,NA,2.4,2.4,NA,2.41,2.4,NA,1,NA,NA,NA,NA,NA,NA,NA,NA,NA,NA,NA,NA,NA,NA,NA,0.0873265476583491,0.0829513082490559,NA,0.082738831788431,0.113076740341899,NA,NA,NA,NA,NA,NA,NA,NA,NA,NA,NA,NA,NA,NA,NA,NA,0.066332495807108,0.0569088805869099,NA,0.0852261231283699,0.0737154546480469,NA,NA,NA,NA,NA,NA,NA,NA,NA,NA,NA,NA,NA,NA,NA,NA,0.0429408353891182,0.0404571577004046,NA,0.0505964425626941,0.0471033985900185,NA,NA,NA,NA,NA,NA,NA,NA,NA,NA,NA,NA,NA,NA,NA,NA,1,1,NA,1,1,NA,NA,NA,NA,NA,NA,NA,NA,NA,NA,NA,NA,NA,NA,NA,NA,3,3,NA,3,4,NA,NA,NA,NA,NA,NA,NA,NA,NA,NA,NA,NA,NA,NA,NA,NA,2,2,NA,1,1,NA,NA,NA,NA,NA,NA,NA,NA,NA,NA,NA,NA,NA,NA,NA,NA,"BetInAsia","BetInAsia",NA,"BetInAsia","BetInAsia",NA,NA,NA,NA,NA,NA,NA,NA,NA,NA,NA,NA,NA,NA,NA,NA,NA,NA,NA,NA,NA,NA,NA,NA,NA,NA,NA,NA,NA,NA,NA,NA,NA,NA,NA,NA,NA,NA,NA,NA,"BetInAsia","Mozzartbet",NA
NA,NA,"2026-03-15_V-Varen Nagasaki_Avispa Fukuoka",NA,NA,NA,NA,NA,NA,NA,NA,NA,NA,NA,NA,NA,NA,2.4,2.4,NA,2.4,2.26,2.25,NA,NA,NA,NA,NA,NA,NA,NA,NA,NA,NA,NA,NA,NA,NA,3.3,3.3,NA,3.3,3.36,3.3,NA,NA,NA,NA,NA,NA,NA,NA,NA,NA,NA,NA,NA,NA,NA,3.55,3.55,NA,3.55,3.55,3.6,NA,1,NA,NA,NA,NA,NA,NA,NA,NA,NA,NA,NA,NA,NA,NA,0.0710503212388807,0.0665884598748593,NA,0.0749285373825335,0.0587488601713137,0.0452997074169745,NA,NA,NA,NA,NA,NA,NA,NA,NA,NA,NA,NA,NA,NA,NA,0.0931318687321637,0.0899041635336743,NA,0.114831830109727,0.0980896900881397,0.106917858991978,NA,NA,NA,NA,NA,NA,NA,NA,NA,NA,NA,NA,NA,NA,NA,0.170656993773503,0.165319613817126,NA,0.162031742921829,0.126407002016226,0.143423006279184,NA,NA,NA,NA,NA,NA,NA,NA,NA,NA,NA,NA,NA,NA,NA,1,1,NA,1,1,2,NA,NA,NA,NA,NA,NA,NA,NA,NA,NA,NA,NA,NA,NA,NA,1,1,NA,1,1,2,NA,NA,NA,NA,NA,NA,NA,NA,NA,NA,NA,NA,NA,NA,NA,1,1,NA,1,1,1,NA,NA,NA,NA,NA,NA,NA,NA,NA,NA,NA,NA,NA,NA,NA,"Stake.com","Stake.com",NA,"Unibet","BetInAsia",NA,NA,NA,NA,NA,NA,NA,NA,NA,NA,NA,NA,NA,NA,NA,NA,"Megapari","Megapari",NA,"Mozzartbet","BetInAsia",NA,NA,NA,NA,NA,NA,NA,NA,NA,NA,NA,NA,NA,NA,NA,NA,"BetInAsia","BetInAsia",NA,"BetInAsia","BetInAsia","BetInAsia",NA
NA,NA,"2026-03-18_Cerezo Osaka_Okayama",NA,NA,NA,NA,NA,NA,NA,NA,NA,NA,NA,NA,NA,NA,2.04,2.04,2.04,2.04,1.95,1.95,NA,NA,NA,NA,NA,NA,NA,NA,NA,NA,NA,NA,NA,NA,NA,3.35,3.35,3.85,3.85,3.85,3.82,NA,NA,NA,NA,NA,NA,NA,NA,NA,NA,NA,NA,NA,NA,NA,3.35,3.35,4.03,4.2,4.2,4.2,NA,2,NA,NA,NA,NA,NA,NA,NA,NA,NA,NA,NA,NA,NA,NA,0,0,0.0556063260076,0.0684120888713633,0.0565152037417211,0.0362224169826295,NA,NA,NA,NA,NA,NA,NA,NA,NA,NA,NA,NA,NA,NA,NA,0,0,0.126608173628837,0.139910845052411,0.131636826033804,0.104758225043601,NA,NA,NA,NA,NA,NA,NA,NA,NA,NA,NA,NA,NA,NA,NA,0,0,0.1755173757961,0.213090325052584,0.187681763750356,0.165235762299985,NA,NA,NA,NA,NA,NA,NA,NA,NA,NA,NA,NA,NA,NA,NA,1,1,1,1,1,1,NA,NA,NA,NA,NA,NA,NA,NA,NA,NA,NA,NA,NA,NA,NA,1,1,1,1,1,1,NA,NA,NA,NA,NA,NA,NA,NA,NA,NA,NA,NA,NA,NA,NA,1,1,2,1,1,1,NA,NA,NA,NA,NA,NA,NA,NA,NA,NA,NA,NA,NA,NA,NA,"Unibet","Unibet","Unibet","Stake.com","Unibet","Unibet",NA,NA,NA,NA,NA,NA,NA,NA,NA,NA,NA,NA,NA,NA,NA,"Unibet","Unibet","BetInAsia","BetInAsia","BetInAsia","BetInAsia",NA,NA,NA,NA,NA,NA,NA,NA,NA,NA,NA,NA,NA,NA,NA,"Unibet","Unibet",NA,"Megapari","Mozzartbet","Mozzartbet",NA
NA,NA,"2026-03-18_Chiba_FC Tokyo",NA,NA,NA,NA,NA,NA,NA,NA,NA,NA,NA,NA,NA,NA,3.35,3.35,4.06,4.1,4.1,4.2,NA,NA,NA,NA,NA,NA,NA,NA,NA,NA,NA,NA,NA,NA,NA,3.35,3.35,3.8,3.8,3.75,3.75,NA,NA,NA,NA,NA,NA,NA,NA,NA,NA,NA,NA,NA,NA,NA,2.05,2.05,2.05,2.05,1.95,1.94,NA,2,NA,NA,NA,NA,NA,NA,NA,NA,NA,NA,NA,NA,NA,NA,0,0,0.181044880284554,0.198739342363832,0.170169849790666,0.145248555439092,NA,NA,NA,NA,NA,NA,NA,NA,NA,NA,NA,NA,NA,NA,NA,0,0,0.119629056299509,0.142915903372298,0.122892390661667,0.115575852918236,NA,NA,NA,NA,NA,NA,NA,NA,NA,NA,NA,NA,NA,NA,NA,0,0,0.0569089126466525,0.0724365848417042,0.0556519798133261,0.0423327708999008,NA,NA,NA,NA,NA,NA,NA,NA,NA,NA,NA,NA,NA,NA,NA,1,1,1,2,1,1,NA,NA,NA,NA,NA,NA,NA,NA,NA,NA,NA,NA,NA,NA,NA,1,1,1,1,1,1,NA,NA,NA,NA,NA,NA,NA,NA,NA,NA,NA,NA,NA,NA,NA,1,1,1,1,1,1,NA,NA,NA,NA,NA,NA,NA,NA,NA,NA,NA,NA,NA,NA,NA,"Unibet","Unibet","BetInAsia",NA,"Mozzartbet","bet365",NA,NA,NA,NA,NA,NA,NA,NA,NA,NA,NA,NA,NA,NA,NA,"Unibet","Unibet","BetInAsia","BetInAsia","BetInAsia","BetInAsia",NA,NA,NA,NA,NA,NA,NA,NA,NA,NA,NA,NA,NA,NA,NA,"Unibet","Unibet","Unibet","Stake.com","Unibet","BetInAsia",NA
NA,NA,"2026-03-18_Mito_Yokohama F. Marinos",NA,NA,NA,NA,NA,NA,NA,NA,NA,NA,NA,NA,NA,NA,2.43,2.43,2.52,2.55,2.55,2.65,NA,NA,NA,NA,NA,NA,NA,NA,NA,NA,NA,NA,NA,NA,NA,3.25,3.25,3.3,3.3,3.3,3.3,NA,NA,NA,NA,NA,NA,NA,NA,NA,NA,NA,NA,NA,NA,NA,2.7,2.7,2.9,2.9,2.9,2.85,NA,1,NA,NA,NA,NA,NA,NA,NA,NA,NA,NA,NA,NA,NA,NA,0,0,0.0386272376965205,0.0742208488421687,0.0722341870431016,0.0609657723384637,NA,NA,NA,NA,NA,NA,NA,NA,NA,NA,NA,NA,NA,NA,NA,0,0,0.0635501718221464,0.110584252971875,0.107490863399108,0.0773119839167438,NA,NA,NA,NA,NA,NA,NA,NA,NA,NA,NA,NA,NA,NA,NA,0,0,0.055876848714134,0.0787015844436399,0.0761202056899855,0.0553688927622206,NA,NA,NA,NA,NA,NA,NA,NA,NA,NA,NA,NA,NA,NA,NA,1,1,1,1,1,1,NA,NA,NA,NA,NA,NA,NA,NA,NA,NA,NA,NA,NA,NA,NA,1,1,1,1,1,1,NA,NA,NA,NA,NA,NA,NA,NA,NA,NA,NA,NA,NA,NA,NA,1,1,1,1,1,1,NA,NA,NA,NA,NA,NA,NA,NA,NA,NA,NA,NA,NA,NA,NA,"Unibet","Unibet","BetInAsia","Megapari","Mozzartbet","BetInAsia",NA,NA,NA,NA,NA,NA,NA,NA,NA,NA,NA,NA,NA,NA,NA,"Unibet","Unibet","BetInAsia","BetInAsia","BetInAsia","BetInAsia",NA,NA,NA,NA,NA,NA,NA,NA,NA,NA,NA,NA,NA,NA,NA,"Unibet","Unibet","BetInAsia","BetInAsia","BetInAsia","Mozzartbet",NA
NA,NA,"2026-03-18_Verdy_Kawasaki Frontale",NA,NA,NA,NA,NA,NA,NA,NA,NA,NA,NA,NA,NA,NA,3.3,3.3,3.35,3.6,3.6,3.4,NA,NA,NA,NA,NA,NA,NA,NA,NA,NA,NA,NA,NA,NA,NA,3.35,3.35,3.5,3.5,3.5,3.5,NA,NA,NA,NA,NA,NA,NA,NA,NA,NA,NA,NA,NA,NA,NA,2.06,2.06,2.17,2.17,2.21,2.25,NA,2,NA,NA,NA,NA,NA,NA,NA,NA,NA,NA,NA,NA,NA,NA,0,0,0.0460501398978915,0.13809242816526,0.134556296119494,0.105060828941037,NA,NA,NA,NA,NA,NA,NA,NA,NA,NA,NA,NA,NA,NA,NA,0,0,0.0791804171594118,0.107414933386557,0.0903678549394042,0.0786896657259611,NA,NA,NA,NA,NA,NA,NA,NA,NA,NA,NA,NA,NA,NA,NA,0,0,0.0457820925690384,0.056328549829076,0.0584047182264508,0.040142602947848,NA,NA,NA,NA,NA,NA,NA,NA,NA,NA,NA,NA,NA,NA,NA,1,1,1,1,1,1,NA,NA,NA,NA,NA,NA,NA,NA,NA,NA,NA,NA,NA,NA,NA,1,1,1,1,1,1,NA,NA,NA,NA,NA,NA,NA,NA,NA,NA,NA,NA,NA,NA,NA,1,1,1,1,1,1,NA,NA,NA,NA,NA,NA,NA,NA,NA,NA,NA,NA,NA,NA,NA,"Unibet","Unibet","Stake.com","Mozzartbet","Mozzartbet","Mozzartbet",NA,NA,NA,NA,NA,NA,NA,NA,NA,NA,NA,NA,NA,NA,NA,"Unibet","Unibet","BetInAsia","BetInAsia","BetInAsia","BetInAsia",NA,NA,NA,NA,NA,NA,NA,NA,NA,NA,NA,NA,NA,NA,NA,"Unibet","Unibet","BetInAsia","BetInAsia","BetInAsia","BetInAsia",NA
NA,NA,"2026-03-18_Avispa Fukuoka_Shimizu S-Pulse",NA,NA,NA,NA,NA,NA,NA,NA,NA,NA,NA,NA,NA,NA,2.5,2.5,2.5,2.5,2.56,2.67,NA,NA,NA,NA,NA,NA,NA,NA,NA,NA,NA,NA,NA,NA,NA,3.05,3.05,3.05,3.45,3.4,3.4,NA,NA,NA,NA,NA,NA,NA,NA,NA,NA,NA,NA,NA,NA,NA,2.75,2.75,2.75,3.1,2.95,2.9,NA,NA,NA,NA,NA,NA,NA,NA,NA,NA,NA,NA,NA,NA,NA,NA,0,0,0,0.0763143886695266,0.0645865974597561,0.0545108115095398,NA,NA,NA,NA,NA,NA,NA,NA,NA,NA,NA,NA,NA,NA,NA,0,0,0,0.11661292370507,0.103385547484024,0.109138036958299,NA,NA,NA,NA,NA,NA,NA,NA,NA,NA,NA,NA,NA,NA,NA,0,0,0,0.121980098315368,0.0867051196745485,0.0907744457432818,NA,NA,NA,NA,NA,NA,NA,NA,NA,NA,NA,NA,NA,NA,NA,1,1,1,1,1,1,NA,NA,NA,NA,NA,NA,NA,NA,NA,NA,NA,NA,NA,NA,NA,1,1,1,1,1,1,NA,NA,NA,NA,NA,NA,NA,NA,NA,NA,NA,NA,NA,NA,NA,1,1,1,1,1,1,NA,NA,NA,NA,NA,NA,NA,NA,NA,NA,NA,NA,NA,NA,NA,"Unibet","Unibet","Unibet","Stake.com","BetInAsia","BetInAsia",NA,NA,NA,NA,NA,NA,NA,NA,NA,NA,NA,NA,NA,NA,NA,"Unibet","Unibet","Unibet","BetInAsia","BetInAsia","BetInAsia",NA,NA,NA,NA,NA,NA,NA,NA,NA,NA,NA,NA,NA,NA,NA,"Unibet","Unibet","Unibet","bet365","Mozzartbet","Mozzartbet",NA
NA,NA,"2026-03-18_Nagoya Grampus_Sanfrecce Hiroshima",NA,NA,NA,NA,NA,NA,NA,NA,NA,NA,NA,NA,NA,NA,3.2,3.2,3.2,3.2,3.2,3.2,NA,NA,NA,NA,NA,NA,NA,NA,NA,NA,NA,NA,NA,NA,NA,3.25,3.25,3.94,3.94,3.91,3.82,NA,NA,NA,NA,NA,NA,NA,NA,NA,NA,NA,NA,NA,NA,NA,2.14,2.14,2.21,2.25,2.26,2.26,NA,1,NA,NA,NA,NA,NA,NA,NA,NA,NA,NA,NA,NA,NA,NA,0,0,0.0730521415470853,0.13699843586177,0.137049405991196,0.12076607323435,NA,NA,NA,NA,NA,NA,NA,NA,NA,NA,NA,NA,NA,NA,NA,0,0,0.182866071210599,0.280906130172081,0.256748904574099,0.189459548809028,NA,NA,NA,NA,NA,NA,NA,NA,NA,NA,NA,NA,NA,NA,NA,0,0,0.0307245829914744,0.199664003480132,0.0522144539983826,0.0528670089462288,NA,NA,NA,NA,NA,NA,NA,NA,NA,NA,NA,NA,NA,NA,NA,1,1,1,2,2,2,NA,NA,NA,NA,NA,NA,NA,NA,NA,NA,NA,NA,NA,NA,NA,1,1,1,1,1,1,NA,NA,NA,NA,NA,NA,NA,NA,NA,NA,NA,NA,NA,NA,NA,1,1,1,1,1,1,NA,NA,NA,NA,NA,NA,NA,NA,NA,NA,NA,NA,NA,NA,NA,"Unibet","Unibet","Unibet",NA,NA,NA,NA,NA,NA,NA,NA,NA,NA,NA,NA,NA,NA,NA,NA,NA,NA,"Unibet","Unibet","BetInAsia","BetInAsia","BetInAsia","BetInAsia",NA,NA,NA,NA,NA,NA,NA,NA,NA,NA,NA,NA,NA,NA,NA,"Unibet","Unibet","BetInAsia","Mozzartbet","BetInAsia","BetInAsia",NA
NA,NA,"2026-03-18_Vissel Kobe_Gamba Osaka",NA,NA,NA,NA,NA,NA,NA,NA,NA,NA,NA,NA,NA,NA,1.79,1.79,1.8,1.8,1.79,1.79,NA,NA,NA,NA,NA,NA,NA,NA,NA,NA,NA,NA,NA,NA,NA,3.5,3.5,3.8,3.8,3.85,3.85,NA,NA,NA,NA,NA,NA,NA,NA,NA,NA,NA,NA,NA,NA,NA,4.2,4.2,4.53,4.8,4.8,4.9,NA,NA,NA,NA,NA,NA,NA,NA,NA,NA,NA,NA,NA,NA,NA,NA,0,0,0.0333743337588356,0.0460400102050656,0.0326404170530468,0.0297075694485376,NA,NA,NA,NA,NA,NA,NA,NA,NA,NA,NA,NA,NA,NA,NA,0,0,0.0958460303740408,0.113502674606624,0.123253513424278,0.0972462101926106,NA,NA,NA,NA,NA,NA,NA,NA,NA,NA,NA,NA,NA,NA,NA,0,0,0.115654658358408,0.591922345829302,0.590265208082787,0.175430536155691,NA,NA,NA,NA,NA,NA,NA,NA,NA,NA,NA,NA,NA,NA,NA,1,1,1,1,2,2,NA,NA,NA,NA,NA,NA,NA,NA,NA,NA,NA,NA,NA,NA,NA,1,1,1,1,1,1,NA,NA,NA,NA,NA,NA,NA,NA,NA,NA,NA,NA,NA,NA,NA,1,1,1,1,1,1,NA,NA,NA,NA,NA,NA,NA,NA,NA,NA,NA,NA,NA,NA,NA,"Unibet","Unibet","bwin","bwin",NA,NA,NA,NA,NA,NA,NA,NA,NA,NA,NA,NA,NA,NA,NA,NA,NA,"Unibet","Unibet","BetInAsia","BetInAsia","BetInAsia","BetInAsia",NA,NA,NA,NA,NA,NA,NA,NA,NA,NA,NA,NA,NA,NA,NA,"Unibet","Unibet","BetInAsia","Mozzartbet","Mozzartbet","Mozzartbet",NA
NA,NA,"2026-03-18_V-Varen Nagasaki_Kyoto",NA,NA,NA,NA,NA,NA,NA,NA,NA,NA,NA,NA,NA,NA,2.85,NA,2.85,3,3,3,NA,NA,NA,NA,NA,NA,NA,NA,NA,NA,NA,NA,NA,NA,NA,3.4,NA,3.4,3.75,3.75,3.75,NA,NA,NA,NA,NA,NA,NA,NA,NA,NA,NA,NA,NA,NA,NA,2.28,NA,2.28,2.37,2.39,2.47,NA,2,NA,NA,NA,NA,NA,NA,NA,NA,NA,NA,NA,NA,NA,NA,0,NA,0,0.0936338698725071,0.0950121128451609,0.0709773046668988,NA,NA,NA,NA,NA,NA,NA,NA,NA,NA,NA,NA,NA,NA,NA,0,NA,0,0.13636086577272,0.134966192121853,0.13123104549453,NA,NA,NA,NA,NA,NA,NA,NA,NA,NA,NA,NA,NA,NA,NA,0,NA,0,0.0615281584781658,0.0602112682593285,0.062080337096123,NA,NA,NA,NA,NA,NA,NA,NA,NA,NA,NA,NA,NA,NA,NA,1,NA,1,1,1,1,NA,NA,NA,NA,NA,NA,NA,NA,NA,NA,NA,NA,NA,NA,NA,1,NA,1,1,1,1,NA,NA,NA,NA,NA,NA,NA,NA,NA,NA,NA,NA,NA,NA,NA,1,NA,1,1,1,1,NA,NA,NA,NA,NA,NA,NA,NA,NA,NA,NA,NA,NA,NA,NA,"Unibet",NA,"Unibet","Mozzartbet","Mozzartbet","Mozzartbet",NA,NA,NA,NA,NA,NA,NA,NA,NA,NA,NA,NA,NA,NA,NA,"Unibet",NA,"Unibet","BetInAsia","BetInAsia","BetInAsia",NA,NA,NA,NA,NA,NA,NA,NA,NA,NA,NA,NA,NA,NA,NA,"Unibet",NA,"Unibet","BetInAsia","BetInAsia","BetInAsia",NA
NA,NA,"2026-03-18_Machida_Kashima Antlers",NA,NA,NA,NA,NA,NA,NA,NA,NA,NA,NA,NA,NA,NA,2.25,NA,2.25,2.3,2.35,2.43,NA,NA,NA,NA,NA,NA,NA,NA,NA,NA,NA,NA,NA,NA,NA,3.15,NA,3.35,3.35,3.35,3.34,NA,NA,NA,NA,NA,NA,NA,NA,NA,NA,NA,NA,NA,NA,NA,3.05,NA,3.38,3.38,3.2,3.05,NA,2,NA,NA,NA,NA,NA,NA,NA,NA,NA,NA,NA,NA,NA,NA,0,NA,0.0408976207696167,0.0743586333199202,0.0563126194658986,0.0479450743948757,NA,NA,NA,NA,NA,NA,NA,NA,NA,NA,NA,NA,NA,NA,NA,0,NA,0.0813350146946849,0.0955269429291905,0.104095499498648,0.0801526321741491,NA,NA,NA,NA,NA,NA,NA,NA,NA,NA,NA,NA,NA,NA,NA,0,NA,0.092679762955774,0.105711497174719,0.212624566664359,0.0702828751523623,NA,NA,NA,NA,NA,NA,NA,NA,NA,NA,NA,NA,NA,NA,NA,1,NA,1,1,1,1,NA,NA,NA,NA,NA,NA,NA,NA,NA,NA,NA,NA,NA,NA,NA,1,NA,1,1,1,1,NA,NA,NA,NA,NA,NA,NA,NA,NA,NA,NA,NA,NA,NA,NA,1,NA,1,1,2,1,NA,NA,NA,NA,NA,NA,NA,NA,NA,NA,NA,NA,NA,NA,NA,"Unibet",NA,"Unibet","Mozzartbet","BetInAsia","BetInAsia",NA,NA,NA,NA,NA,NA,NA,NA,NA,NA,NA,NA,NA,NA,NA,"Unibet",NA,"BetInAsia","BetInAsia","BetInAsia","BetInAsia",NA,NA,NA,NA,NA,NA,NA,NA,NA,NA,NA,NA,NA,NA,NA,"Unibet",NA,"BetInAsia","BetInAsia",NA,"Unibet",NA
NA,NA,"2026-03-18_Urawa Reds_Kashiwa Reysol",NA,NA,NA,NA,NA,NA,NA,NA,NA,NA,NA,NA,NA,NA,3.25,NA,3.25,3.25,3.25,2.95,NA,NA,NA,NA,NA,NA,NA,NA,NA,NA,NA,NA,NA,NA,NA,3.35,NA,3.6,3.6,3.6,3.65,NA,NA,NA,NA,NA,NA,NA,NA,NA,NA,NA,NA,NA,NA,NA,2.08,NA,2.39,2.39,2.39,2.46,NA,NA,NA,NA,NA,NA,NA,NA,NA,NA,NA,NA,NA,NA,NA,NA,0,NA,0.118762853555375,0.141457268212555,0.139405768366909,0.0861596893186835,NA,NA,NA,NA,NA,NA,NA,NA,NA,NA,NA,NA,NA,NA,NA,0,NA,0.0837505453483967,0.107852044450087,0.107498246571156,0.106314896147516,NA,NA,NA,NA,NA,NA,NA,NA,NA,NA,NA,NA,NA,NA,NA,0,NA,0.0759432986864846,0.0787199174086545,0.0821844615136323,0.0436181118635331,NA,NA,NA,NA,NA,NA,NA,NA,NA,NA,NA,NA,NA,NA,NA,1,NA,1,1,1,1,NA,NA,NA,NA,NA,NA,NA,NA,NA,NA,NA,NA,NA,NA,NA,1,NA,1,1,1,1,NA,NA,NA,NA,NA,NA,NA,NA,NA,NA,NA,NA,NA,NA,NA,1,NA,1,1,1,1,NA,NA,NA,NA,NA,NA,NA,NA,NA,NA,NA,NA,NA,NA,NA,"Unibet",NA,"Unibet","Unibet","Unibet","Mozzartbet",NA,NA,NA,NA,NA,NA,NA,NA,NA,NA,NA,NA,NA,NA,NA,"Unibet",NA,"BetInAsia","BetInAsia","BetInAsia","BetInAsia",NA,NA,NA,NA,NA,NA,NA,NA,NA,NA,NA,NA,NA,NA,NA,"Unibet",NA,"BetInAsia","BetInAsia","BetInAsia","BetInAsia",NA
NA,NA,"2026-03-21_Okayama_V-Varen Nagasaki",NA,NA,NA,NA,NA,NA,NA,NA,NA,NA,NA,NA,NA,2.55,2.55,2.55,2.55,2.55,2.4,2.3,NA,NA,NA,NA,NA,NA,NA,NA,NA,NA,NA,NA,NA,NA,3.2,3.2,3.2,3.2,3.41,3.42,3.51,NA,NA,NA,NA,NA,NA,NA,NA,NA,NA,NA,NA,NA,NA,2.63,2.63,2.63,2.63,3.24,3.25,3.29,NA,2,NA,NA,NA,NA,NA,NA,NA,NA,NA,NA,NA,NA,NA,0,0,0,0,0.120670171635664,0.0651055309380866,0.055124678309539,NA,NA,NA,NA,NA,NA,NA,NA,NA,NA,NA,NA,NA,NA,0,0,0,0,0.110276412241123,0.0776172947508764,0.0922109383037454,NA,NA,NA,NA,NA,NA,NA,NA,NA,NA,NA,NA,NA,NA,0,0,0,0,0.142551631845923,0.108140120742885,0.0897969490767479,NA,NA,NA,NA,NA,NA,NA,NA,NA,NA,NA,NA,NA,NA,1,1,1,1,1,1,2,NA,NA,NA,NA,NA,NA,NA,NA,NA,NA,NA,NA,NA,NA,1,1,1,1,1,1,1,NA,NA,NA,NA,NA,NA,NA,NA,NA,NA,NA,NA,NA,NA,1,1,1,1,1,1,1,NA,NA,NA,NA,NA,NA,NA,NA,NA,NA,NA,NA,NA,NA,"Unibet","Unibet","Unibet","Unibet","Unibet","Unibet",NA,NA,NA,NA,NA,NA,NA,NA,NA,NA,NA,NA,NA,NA,NA,"Unibet","Unibet","Unibet","Unibet","BetInAsia","BetInAsia","BetInAsia",NA,NA,NA,NA,NA,NA,NA,NA,NA,NA,NA,NA,NA,NA,"Unibet","Unibet","Unibet","Unibet","BetInAsia","bet365","BetInAsia",NA
NA,NA,"2026-03-21_Avispa Fukuoka_Gamba Osaka",NA,NA,NA,NA,NA,NA,NA,NA,NA,NA,NA,NA,NA,2.85,2.85,2.85,2.85,3.1,3.2,3.4,NA,NA,NA,NA,NA,NA,NA,NA,NA,NA,NA,NA,NA,NA,3.15,3.15,3.15,3.15,3.2,3.3,3.3,NA,NA,NA,NA,NA,NA,NA,NA,NA,NA,NA,NA,NA,NA,2.4,2.4,2.4,2.4,2.45,2.45,2.4,NA,NA,NA,NA,NA,NA,NA,NA,NA,NA,NA,NA,NA,NA,NA,0,0,0,0,0.374938704667929,0.109387907401661,0.135019105056132,NA,NA,NA,NA,NA,NA,NA,NA,NA,NA,NA,NA,NA,NA,0,0,0,0,0.110539366801621,0.105896025675982,0.0982788388145188,NA,NA,NA,NA,NA,NA,NA,NA,NA,NA,NA,NA,NA,NA,0,0,0,0,0.0626272897334288,0.0741427195154241,0.0524601133439824,NA,NA,NA,NA,NA,NA,NA,NA,NA,NA,NA,NA,NA,NA,1,1,1,1,1,1,2,NA,NA,NA,NA,NA,NA,NA,NA,NA,NA,NA,NA,NA,NA,1,1,1,1,1,1,2,NA,NA,NA,NA,NA,NA,NA,NA,NA,NA,NA,NA,NA,NA,1,1,1,1,1,1,1,NA,NA,NA,NA,NA,NA,NA,NA,NA,NA,NA,NA,NA,NA,"Unibet","Unibet","Unibet","Unibet","BetInAsia","bet365",NA,NA,NA,NA,NA,NA,NA,NA,NA,NA,NA,NA,NA,NA,NA,"Unibet","Unibet","Unibet","Unibet","Mozzartbet","BetInAsia",NA,NA,NA,NA,NA,NA,NA,NA,NA,NA,NA,NA,NA,NA,NA,"Unibet","Unibet","Unibet","Unibet","Mozzartbet","Mozzartbet","Unibet",NA
NA,NA,"2026-03-22_Shimizu S-Pulse_Sanfrecce Hiroshima",NA,NA,NA,NA,NA,NA,NA,NA,NA,NA,NA,NA,NA,4,4,4,4.4,4.5,4.5,4.4,NA,NA,NA,NA,NA,NA,NA,NA,NA,NA,NA,NA,NA,NA,3.55,3.55,3.55,3.86,3.8,3.8,3.9,NA,NA,NA,NA,NA,NA,NA,NA,NA,NA,NA,NA,NA,NA,1.81,1.81,1.81,1.85,1.85,1.85,1.85,NA,1,NA,NA,NA,NA,NA,NA,NA,NA,NA,NA,NA,NA,NA,0,0,0,0.123448532716615,0.543623352337213,0.14303845636751,0.147085980685739,NA,NA,NA,NA,NA,NA,NA,NA,NA,NA,NA,NA,NA,NA,0,0,0,0.113088308490495,0.116858345940172,0.0910607681280116,0.119676813470863,NA,NA,NA,NA,NA,NA,NA,NA,NA,NA,NA,NA,NA,NA,0,0,0,0.0284948069477318,0.045120649550655,0.0354562104171168,0.0345538457189392,NA,NA,NA,NA,NA,NA,NA,NA,NA,NA,NA,NA,NA,NA,1,1,1,1,1,1,1,NA,NA,NA,NA,NA,NA,NA,NA,NA,NA,NA,NA,NA,NA,1,1,1,1,1,1,1,NA,NA,NA,NA,NA,NA,NA,NA,NA,NA,NA,NA,NA,NA,1,1,1,1,1,1,2,NA,NA,NA,NA,NA,NA,NA,NA,NA,NA,NA,NA,NA,NA,"Unibet","Unibet","Unibet","Mozzartbet","bet365","bet365","Mozzartbet",NA,NA,NA,NA,NA,NA,NA,NA,NA,NA,NA,NA,NA,NA,"Unibet","Unibet","Unibet","BetInAsia","BetInAsia","BetInAsia","bwin",NA,NA,NA,NA,NA,NA,NA,NA,NA,NA,NA,NA,NA,NA,"Unibet","Unibet","Unibet","Mozzartbet","Mozzartbet","Mozzartbet",NA,NA
NA,NA,"2026-03-22_Verdy_FC Tokyo",NA,NA,NA,NA,NA,NA,NA,NA,NA,NA,NA,NA,NA,3.1,3.1,3.1,3.7,3.88,4.14,4.33,NA,NA,NA,NA,NA,NA,NA,NA,NA,NA,NA,NA,NA,NA,3.1,3.1,3.1,3.2,3.2,3.2,3.3,NA,NA,NA,NA,NA,NA,NA,NA,NA,NA,NA,NA,NA,NA,2.25,2.25,2.25,2.26,2.25,2.15,2.08,NA,NA,NA,NA,NA,NA,NA,NA,NA,NA,NA,NA,NA,NA,NA,0,0,0,0.173822190315718,0.193533610690813,0.177235655888876,0.249835596566908,NA,NA,NA,NA,NA,NA,NA,NA,NA,NA,NA,NA,NA,NA,0,0,0,0.0735558395945662,0.116156511293446,0.0792433018700357,0.0852259239346628,NA,NA,NA,NA,NA,NA,NA,NA,NA,NA,NA,NA,NA,NA,0,0,0,0.0384627692110775,0.0706728548059092,0.052631297494322,0.0564549889327867,NA,NA,NA,NA,NA,NA,NA,NA,NA,NA,NA,NA,NA,NA,1,1,1,1,1,1,2,NA,NA,NA,NA,NA,NA,NA,NA,NA,NA,NA,NA,NA,NA,1,1,1,1,2,4,1,NA,NA,NA,NA,NA,NA,NA,NA,NA,NA,NA,NA,NA,NA,1,1,1,1,1,1,2,NA,NA,NA,NA,NA,NA,NA,NA,NA,NA,NA,NA,NA,NA,"Unibet","Unibet","Unibet","BetInAsia","BetInAsia","Betfair Exchange",NA,NA,NA,NA,NA,NA,NA,NA,NA,NA,NA,NA,NA,NA,NA,"Unibet","Unibet","Unibet","Mozzartbet",NA,NA,"Mozzartbet",NA,NA,NA,NA,NA,NA,NA,NA,NA,NA,NA,NA,NA,NA,"Unibet","Unibet","Unibet","Roobet","Unibet","Mozzartbet",NA,NA
NA,NA,"2026-03-22_Kyoto_Nagoya Grampus",NA,NA,NA,NA,NA,NA,NA,NA,NA,NA,NA,NA,NA,2.38,2.38,2.38,2.4,2.4,2.4,2.42,NA,NA,NA,NA,NA,NA,NA,NA,NA,NA,NA,NA,NA,NA,3.2,3.2,3.2,3.44,3.44,3.44,3.48,NA,NA,NA,NA,NA,NA,NA,NA,NA,NA,NA,NA,NA,NA,2.8,2.8,2.8,3.01,3.1,3.1,3.1,NA,NA,NA,NA,NA,NA,NA,NA,NA,NA,NA,NA,NA,NA,NA,0,0,0,0.0540037231716676,0.076811457478686,0.049248317995611,0.0564561917534435,NA,NA,NA,NA,NA,NA,NA,NA,NA,NA,NA,NA,NA,NA,0,0,0,0.0886733497899056,0.105241973641095,0.0762119017493591,0.0867179335547152,NA,NA,NA,NA,NA,NA,NA,NA,NA,NA,NA,NA,NA,NA,0,0,0,0.0621825270205921,0.0974809708740105,0.0745952038970633,0.0845022776061979,NA,NA,NA,NA,NA,NA,NA,NA,NA,NA,NA,NA,NA,NA,1,1,1,2,2,1,1,NA,NA,NA,NA,NA,NA,NA,NA,NA,NA,NA,NA,NA,NA,1,1,1,1,1,1,1,NA,NA,NA,NA,NA,NA,NA,NA,NA,NA,NA,NA,NA,NA,1,1,1,1,1,1,1,NA,NA,NA,NA,NA,NA,NA,NA,NA,NA,NA,NA,NA,NA,"Unibet","Unibet","Unibet",NA,NA,"Mozzartbet","BetInAsia",NA,NA,NA,NA,NA,NA,NA,NA,NA,NA,NA,NA,NA,NA,"Unibet","Unibet","Unibet","BetInAsia","BetInAsia","BetInAsia","BetInAsia",NA,NA,NA,NA,NA,NA,NA,NA,NA,NA,NA,NA,NA,NA,"Unibet","Unibet","Unibet","BetInAsia","bet365","bet365","bet365",NA
NA,NA,"2026-03-22_Kashima Antlers_Chiba",NA,NA,NA,NA,NA,NA,NA,NA,NA,NA,NA,NA,NA,1.74,1.74,1.74,1.74,1.74,1.65,1.65,NA,NA,NA,NA,NA,NA,NA,NA,NA,NA,NA,NA,NA,NA,3.55,3.55,3.55,3.95,3.99,3.99,4.16,NA,NA,NA,NA,NA,NA,NA,NA,NA,NA,NA,NA,NA,NA,4.35,4.35,4.35,5.3,5.6,5.75,6,NA,1,NA,NA,NA,NA,NA,NA,NA,NA,NA,NA,NA,NA,NA,0,0,0,0.0288794561670705,0.0417437382434741,0.0257460121738715,0.0300475813145941,NA,NA,NA,NA,NA,NA,NA,NA,NA,NA,NA,NA,NA,NA,0,0,0,0.128302802757392,0.142088727030706,0.094449112863144,0.137313220903599,NA,NA,NA,NA,NA,NA,NA,NA,NA,NA,NA,NA,NA,NA,0,0,0,0.254923021962389,0.7472157844769,0.245132940932382,0.358074214175138,NA,NA,NA,NA,NA,NA,NA,NA,NA,NA,NA,NA,NA,NA,1,1,1,1,1,2,1,NA,NA,NA,NA,NA,NA,NA,NA,NA,NA,NA,NA,NA,NA,1,1,1,1,1,1,1,NA,NA,NA,NA,NA,NA,NA,NA,NA,NA,NA,NA,NA,NA,1,1,1,1,1,1,2,NA,NA,NA,NA,NA,NA,NA,NA,NA,NA,NA,NA,NA,NA,"Unibet","Unibet","Unibet","Unibet","Unibet",NA,"Unibet",NA,NA,NA,NA,NA,NA,NA,NA,NA,NA,NA,NA,NA,NA,"Unibet","Unibet","Unibet","BetInAsia","BetInAsia","BetInAsia","BetInAsia",NA,NA,NA,NA,NA,NA,NA,NA,NA,NA,NA,NA,NA,NA,"Unibet","Unibet","Unibet","Mozzartbet","Mozzartbet","bet365",NA,NA
NA,NA,"2026-03-22_Kawasaki Frontale_Yokohama F. Marinos",NA,NA,NA,NA,NA,NA,NA,NA,NA,NA,NA,NA,NA,1.76,1.76,1.76,2.01,2.04,2.04,2.04,NA,NA,NA,NA,NA,NA,NA,NA,NA,NA,NA,NA,NA,NA,3.75,3.75,3.75,4.11,4.11,4.11,4.1,NA,NA,NA,NA,NA,NA,NA,NA,NA,NA,NA,NA,NA,NA,3.95,3.95,3.95,3.95,3.95,3.9,3.7,NA,2,NA,NA,NA,NA,NA,NA,NA,NA,NA,NA,NA,NA,NA,0,0,0,0.0682658764322078,0.0684850062307902,0.0383343020880457,0.0418500725379129,NA,NA,NA,NA,NA,NA,NA,NA,NA,NA,NA,NA,NA,NA,0,0,0,0.143909294548585,0.171271849250865,0.162471991278771,0.157380340031947,NA,NA,NA,NA,NA,NA,NA,NA,NA,NA,NA,NA,NA,NA,0,0,0,0.230567515730956,0.268067621234582,0.186944661853088,0.158461852602318,NA,NA,NA,NA,NA,NA,NA,NA,NA,NA,NA,NA,NA,NA,1,1,1,1,1,1,2,NA,NA,NA,NA,NA,NA,NA,NA,NA,NA,NA,NA,NA,NA,1,1,1,1,1,1,1,NA,NA,NA,NA,NA,NA,NA,NA,NA,NA,NA,NA,NA,NA,1,1,1,1,1,1,1,NA,NA,NA,NA,NA,NA,NA,NA,NA,NA,NA,NA,NA,NA,"Unibet","Unibet","Unibet","BetInAsia","BetInAsia","BetInAsia",NA,NA,NA,NA,NA,NA,NA,NA,NA,NA,NA,NA,NA,NA,NA,"Unibet","Unibet","Unibet","BetInAsia","BetInAsia","BetInAsia","BetInAsia",NA,NA,NA,NA,NA,NA,NA,NA,NA,NA,NA,NA,NA,NA,"Unibet","Unibet","Unibet","Unibet","Unibet","Mozzartbet","Mozzartbet",NA
NA,NA,"2026-03-22_Cerezo Osaka_Vissel Kobe",NA,NA,NA,NA,NA,NA,NA,NA,NA,NA,NA,NA,NA,3.45,3.45,3.45,3.5,3.5,3.45,3.3,NA,NA,NA,NA,NA,NA,NA,NA,NA,NA,NA,NA,NA,NA,3.4,3.4,3.4,3.55,3.6,3.6,3.6,NA,NA,NA,NA,NA,NA,NA,NA,NA,NA,NA,NA,NA,NA,1.98,1.98,1.98,2.15,2.19,2.28,2.3,NA,NA,NA,NA,NA,NA,NA,NA,NA,NA,NA,NA,NA,NA,NA,0,0,0,0.108290796246607,0.148345600245843,0.121316848697029,0.110492404393114,NA,NA,NA,NA,NA,NA,NA,NA,NA,NA,NA,NA,NA,NA,0,0,0,0.0785090960393733,0.1218982363927,0.0907114735222146,0.0830299238465763,NA,NA,NA,NA,NA,NA,NA,NA,NA,NA,NA,NA,NA,NA,0,0,0,0.0516575817003316,0.0544425648723058,0.07186406921713,0.0617341972581738,NA,NA,NA,NA,NA,NA,NA,NA,NA,NA,NA,NA,NA,NA,1,1,1,1,1,1,1,NA,NA,NA,NA,NA,NA,NA,NA,NA,NA,NA,NA,NA,NA,1,1,1,1,1,1,1,NA,NA,NA,NA,NA,NA,NA,NA,NA,NA,NA,NA,NA,NA,1,1,1,2,1,1,1,NA,NA,NA,NA,NA,NA,NA,NA,NA,NA,NA,NA,NA,NA,"Unibet","Unibet","Unibet","Mozzartbet","Mozzartbet","Unibet","Unibet",NA,NA,NA,NA,NA,NA,NA,NA,NA,NA,NA,NA,NA,NA,"Unibet","Unibet","Unibet","BetInAsia","BetInAsia","BetInAsia","BetInAsia",NA,NA,NA,NA,NA,NA,NA,NA,NA,NA,NA,NA,NA,NA,"Unibet","Unibet","Unibet",NA,"BetInAsia","BetInAsia","BetInAsia",NA
NA,NA,"2026-03-22_Kashiwa Reysol_Mito",NA,NA,NA,NA,NA,NA,NA,NA,NA,NA,NA,NA,NA,1.58,1.58,1.58,1.58,1.58,1.58,1.58,NA,NA,NA,NA,NA,NA,NA,NA,NA,NA,NA,NA,NA,NA,3.85,3.85,3.85,4,4.1,4.1,4.1,NA,NA,NA,NA,NA,NA,NA,NA,NA,NA,NA,NA,NA,NA,5.2,5.2,5.2,6.53,6.53,6.53,6.63,NA,1,NA,NA,NA,NA,NA,NA,NA,NA,NA,NA,NA,NA,NA,0,0,0,0.0325611714325126,0.0287794018050058,0.0242015347801392,0.0305141133102555,NA,NA,NA,NA,NA,NA,NA,NA,NA,NA,NA,NA,NA,NA,0,0,0,0.119277518572368,0.182772301746502,0.140336330699807,0.147569730625306,NA,NA,NA,NA,NA,NA,NA,NA,NA,NA,NA,NA,NA,NA,0,0,0,0.398581392486882,0.945154560300665,0.372366520241583,0.39091914480846,NA,NA,NA,NA,NA,NA,NA,NA,NA,NA,NA,NA,NA,NA,1,1,1,1,1,1,3,NA,NA,NA,NA,NA,NA,NA,NA,NA,NA,NA,NA,NA,NA,1,1,1,5,2,2,2,NA,NA,NA,NA,NA,NA,NA,NA,NA,NA,NA,NA,NA,NA,1,1,1,1,1,1,1,NA,NA,NA,NA,NA,NA,NA,NA,NA,NA,NA,NA,NA,NA,"Unibet","Unibet","Unibet","Unibet","Unibet","Unibet",NA,NA,NA,NA,NA,NA,NA,NA,NA,NA,NA,NA,NA,NA,NA,"Unibet","Unibet","Unibet",NA,NA,NA,NA,NA,NA,NA,NA,NA,NA,NA,NA,NA,NA,NA,NA,NA,NA,"Unibet","Unibet","Unibet","BetInAsia","BetInAsia","BetInAsia","BetInAsia",NA
NA,NA,"2026-03-22_Urawa Reds_Machida",NA,NA,NA,NA,NA,NA,NA,NA,NA,NA,NA,NA,NA,2.65,2.65,2.65,2.85,2.85,2.85,2.85,NA,NA,NA,NA,NA,NA,NA,NA,NA,NA,NA,NA,NA,NA,3.2,3.2,3.2,3.3,3.3,3.3,3.3,NA,NA,NA,NA,NA,NA,NA,NA,NA,NA,NA,NA,NA,NA,2.5,2.5,2.5,2.69,2.69,2.69,2.72,NA,2,NA,NA,NA,NA,NA,NA,NA,NA,NA,NA,NA,NA,NA,0,0,0,0.0697647936769085,0.087470629991507,0.0718729036961377,0.0730731314484506,NA,NA,NA,NA,NA,NA,NA,NA,NA,NA,NA,NA,NA,NA,0,0,0,0.0807892106145625,0.136087040307601,0.0982400687658102,0.0887371721111605,NA,NA,NA,NA,NA,NA,NA,NA,NA,NA,NA,NA,NA,NA,0,0,0,0.0473674799933408,0.0756033928859877,0.0572712842531054,0.0627820619411891,NA,NA,NA,NA,NA,NA,NA,NA,NA,NA,NA,NA,NA,NA,1,1,1,1,1,1,1,NA,NA,NA,NA,NA,NA,NA,NA,NA,NA,NA,NA,NA,NA,1,1,1,1,2,1,1,NA,NA,NA,NA,NA,NA,NA,NA,NA,NA,NA,NA,NA,NA,1,1,1,1,1,1,1,NA,NA,NA,NA,NA,NA,NA,NA,NA,NA,NA,NA,NA,NA,"Unibet","Unibet","Unibet","Mozzartbet","Mozzartbet","Mozzartbet","Mozzartbet",NA,NA,NA,NA,NA,NA,NA,NA,NA,NA,NA,NA,NA,NA,"Unibet","Unibet","Unibet","Roobet",NA,"BetInAsia","BetInAsia",NA,NA,NA,NA,NA,NA,NA,NA,NA,NA,NA,NA,NA,NA,"Unibet","Unibet","Unibet","BetInAsia","BetInAsia","BetInAsia","BetInAsia",NA
NA,NA,"2026-03-27_Vissel Kobe_Sanfrecce Hiroshima",NA,NA,NA,NA,NA,NA,NA,NA,NA,NA,NA,NA,NA,2.5,2.5,2.65,2.65,2.65,2.65,NA,NA,NA,NA,NA,NA,NA,NA,NA,NA,NA,NA,NA,NA,NA,3.3,3.3,3.5,3.5,3.33,3.5,NA,NA,NA,NA,NA,NA,NA,NA,NA,NA,NA,NA,NA,NA,NA,2.6,2.6,2.7,2.85,2.85,2.85,NA,NA,1,NA,NA,NA,NA,NA,NA,NA,NA,NA,NA,NA,NA,NA,0,0,0.0512970234554074,0.0439207497438798,0.0453137212479105,0.072426740908134,NA,NA,NA,NA,NA,NA,NA,NA,NA,NA,NA,NA,NA,NA,NA,0,0,0.0696894208945331,0.0736573365375537,0.041666436780975,0.125776022528689,NA,NA,NA,NA,NA,NA,NA,NA,NA,NA,NA,NA,NA,NA,NA,0,0,0.0504990479727474,0.0767247909634631,0.0788713487596885,0.0973883564837688,NA,NA,NA,NA,NA,NA,NA,NA,NA,NA,NA,NA,NA,NA,NA,1,1,1,1,1,1,NA,NA,NA,NA,NA,NA,NA,NA,NA,NA,NA,NA,NA,NA,NA,1,1,1,1,1,1,NA,NA,NA,NA,NA,NA,NA,NA,NA,NA,NA,NA,NA,NA,NA,1,1,1,1,1,1,NA,NA,NA,NA,NA,NA,NA,NA,NA,NA,NA,NA,NA,NA,NA,"Unibet","Unibet","BetInAsia","BetInAsia","BetInAsia","BetInAsia",NA,NA,NA,NA,NA,NA,NA,NA,NA,NA,NA,NA,NA,NA,NA,"Unibet","Unibet","BetInAsia","BetInAsia","BetInAsia","BetInAsia",NA,NA,NA,NA,NA,NA,NA,NA,NA,NA,NA,NA,NA,NA,NA,"Unibet","Unibet","BetInAsia","Mozzartbet","Mozzartbet","Mozzartbet",NA,NA
NA,NA,"2026-03-28_Machida_Kawasaki Frontale",NA,NA,NA,NA,NA,NA,NA,NA,NA,NA,NA,NA,1.91,NA,2.1,2.1,2.1,2.1,NA,2.1,NA,NA,NA,NA,NA,NA,NA,NA,NA,NA,NA,NA,NA,3.4,NA,3.85,3.85,3.63,3.85,NA,3.85,NA,NA,NA,NA,NA,NA,NA,NA,NA,NA,NA,NA,NA,3.6,NA,3.54,3.6,3.6,3.6,NA,3.6,NA,NA,NA,NA,NA,NA,NA,NA,NA,NA,NA,NA,NA,NA,0,NA,0.0371262033926845,0.0447932671459584,0.0513778409402589,0.0694186690516552,NA,0.0565114889831862,NA,NA,NA,NA,NA,NA,NA,NA,NA,NA,NA,NA,NA,0,NA,0.117550762729052,0.128771382556519,0.0672041822835611,0.149664948382023,NA,0.140958699052984,NA,NA,NA,NA,NA,NA,NA,NA,NA,NA,NA,NA,NA,0,NA,0.133970339807183,0.144014686351974,0.136201298271322,0.159028045812173,NA,0.13299132884661,NA,NA,NA,NA,NA,NA,NA,NA,NA,NA,NA,NA,NA,1,NA,1,1,1,1,NA,1,NA,NA,NA,NA,NA,NA,NA,NA,NA,NA,NA,NA,NA,1,NA,1,1,1,1,NA,1,NA,NA,NA,NA,NA,NA,NA,NA,NA,NA,NA,NA,NA,1,NA,1,2,1,2,NA,1,NA,NA,NA,NA,NA,NA,NA,NA,NA,NA,NA,NA,NA,"888sport",NA,"Stake.com","Unibet","Stake.com","Stake.com",NA,"Stake.com",NA,NA,NA,NA,NA,NA,NA,NA,NA,NA,NA,NA,NA,"888sport",NA,"Betfair","BetInAsia","BetInAsia","BetInAsia",NA,"BetInAsia",NA,NA,NA,NA,NA,NA,NA,NA,NA,NA,NA,NA,NA,"888sport",NA,"Betfair",NA,"Mozzartbet",NA,NA,"Mozzartbet",NA
NA,NA,"2026-03-22_Okayama_V-Varen Nagasaki",NA,NA,NA,NA,NA,NA,NA,NA,NA,NA,NA,NA,NA,NA,NA,NA,NA,NA,NA,2.26,NA,NA,NA,NA,NA,NA,NA,NA,NA,NA,NA,NA,NA,NA,NA,NA,NA,NA,NA,NA,3.35,NA,NA,NA,NA,NA,NA,NA,NA,NA,NA,NA,NA,NA,NA,NA,NA,NA,NA,NA,NA,3.25,NA,NA,NA,NA,NA,NA,NA,NA,NA,NA,NA,NA,NA,NA,NA,NA,NA,NA,NA,NA,NA,0.0544058820349418,NA,NA,NA,NA,NA,NA,NA,NA,NA,NA,NA,NA,NA,NA,NA,NA,NA,NA,NA,NA,0.0258198889747163,NA,NA,NA,NA,NA,NA,NA,NA,NA,NA,NA,NA,NA,NA,NA,NA,NA,NA,NA,NA,0.0683130051063973,NA,NA,NA,NA,NA,NA,NA,NA,NA,NA,NA,NA,NA,NA,NA,NA,NA,NA,NA,NA,1,NA,NA,NA,NA,NA,NA,NA,NA,NA,NA,NA,NA,NA,NA,NA,NA,NA,NA,NA,NA,1,NA,NA,NA,NA,NA,NA,NA,NA,NA,NA,NA,NA,NA,NA,NA,NA,NA,NA,NA,NA,1,NA,NA,NA,NA,NA,NA,NA,NA,NA,NA,NA,NA,NA,NA,NA,NA,NA,NA,NA,NA,"Stake.com",NA,NA,NA,NA,NA,NA,NA,NA,NA,NA,NA,NA,NA,NA,NA,NA,NA,NA,NA,NA,"Stake.com",NA,NA,NA,NA,NA,NA,NA,NA,NA,NA,NA,NA,NA,NA,NA,NA,NA,NA,NA,NA,"bet365.us",NA
NA,NA,"2026-03-22_Avispa Fukuoka_Gamba Osaka",NA,NA,NA,NA,NA,NA,NA,NA,NA,NA,NA,NA,NA,NA,NA,NA,NA,NA,NA,3.3,NA,NA,NA,NA,NA,NA,NA,NA,NA,NA,NA,NA,NA,NA,NA,NA,NA,NA,NA,NA,3.25,NA,NA,NA,NA,NA,NA,NA,NA,NA,NA,NA,NA,NA,NA,NA,NA,NA,NA,NA,NA,2.28,NA,NA,NA,NA,NA,NA,NA,NA,NA,NA,NA,NA,NA,NA,NA,NA,NA,NA,NA,NA,NA,0.0447213595499956,NA,NA,NA,NA,NA,NA,NA,NA,NA,NA,NA,NA,NA,NA,NA,NA,NA,NA,NA,NA,0.025819888974716,NA,NA,NA,NA,NA,NA,NA,NA,NA,NA,NA,NA,NA,NA,NA,NA,NA,NA,NA,NA,0.0586515131944607,NA,NA,NA,NA,NA,NA,NA,NA,NA,NA,NA,NA,NA,NA,NA,NA,NA,NA,NA,NA,1,NA,NA,NA,NA,NA,NA,NA,NA,NA,NA,NA,NA,NA,NA,NA,NA,NA,NA,NA,NA,1,NA,NA,NA,NA,NA,NA,NA,NA,NA,NA,NA,NA,NA,NA,NA,NA,NA,NA,NA,NA,1,NA,NA,NA,NA,NA,NA,NA,NA,NA,NA,NA,NA,NA,NA,NA,NA,NA,NA,NA,NA,"bet365.us",NA,NA,NA,NA,NA,NA,NA,NA,NA,NA,NA,NA,NA,NA,NA,NA,NA,NA,NA,NA,"BetMGM.us",NA,NA,NA,NA,NA,NA,NA,NA,NA,NA,NA,NA,NA,NA,NA,NA,NA,NA,NA,NA,"Stake.com",NA
NA,NA,"2026-04-04_Chiba_Verdy",NA,NA,NA,NA,NA,NA,NA,NA,2.63,2.55,2.55,NA,2.45,2.48,2.48,NA,NA,NA,NA,NA,NA,NA,NA,NA,NA,NA,NA,NA,NA,3.3,3.25,3.3,NA,3.3,3.3,3.3,NA,NA,NA,NA,NA,NA,NA,NA,NA,NA,NA,NA,NA,NA,3.01,3.01,3.02,NA,3.15,3.15,3.15,NA,NA,NA,NA,NA,NA,NA,NA,NA,NA,NA,NA,NA,NA,NA,0.0868775714341777,0.0675277720645365,0.0729292898544975,NA,0.0473893620339727,0.0514527415730651,0.0498091596089754,NA,NA,NA,NA,NA,NA,NA,NA,NA,NA,NA,NA,NA,NA,0.0983524408155643,0.0846561673280019,0.105351322245623,NA,0.11631599960756,0.0976650476806393,0.0967514680035738,NA,NA,NA,NA,NA,NA,NA,NA,NA,NA,NA,NA,NA,NA,0.147084964996782,0.138269061374312,0.149651610066863,NA,0.0911366136793615,0.0876917678795801,0.084868401084535,NA,NA,NA,NA,NA,NA,NA,NA,NA,NA,NA,NA,NA,NA,1,1,1,NA,1,1,1,NA,NA,NA,NA,NA,NA,NA,NA,NA,NA,NA,NA,NA,NA,1,1,1,NA,1,1,1,NA,NA,NA,NA,NA,NA,NA,NA,NA,NA,NA,NA,NA,NA,1,1,1,NA,1,1,1,NA,NA,NA,NA,NA,NA,NA,NA,NA,NA,NA,NA,NA,NA,"Betfair","Betfair","Betfair",NA,"BetInAsia","Stake.com","Stake.com",NA,NA,NA,NA,NA,NA,NA,NA,NA,NA,NA,NA,NA,NA,"BetInAsia","BetInAsia","BetInAsia",NA,"BetInAsia","BetInAsia","BetInAsia",NA,NA,NA,NA,NA,NA,NA,NA,NA,NA,NA,NA,NA,NA,"BetInAsia","BetInAsia","BetInAsia",NA,"Duelbits","Megapari","Megapari",NA,NA,NA,NA,NA,NA
NA,NA,"2026-04-04_Mito_Kashima Antlers",NA,NA,NA,NA,NA,NA,NA,NA,4.1,4.1,4.1,NA,4.2,4.2,4.2,NA,NA,NA,NA,NA,NA,NA,NA,NA,NA,NA,NA,NA,NA,3.6,3.6,3.6,NA,3.6,3.6,3.6,NA,NA,NA,NA,NA,NA,NA,NA,NA,NA,NA,NA,NA,NA,1.94,1.93,1.94,NA,1.94,2.1,2.1,NA,NA,NA,NA,NA,NA,NA,NA,NA,NA,NA,NA,NA,NA,NA,0.12313975269104,0.108781125813871,0.120438758319299,NA,0.152616076042685,0.21565214154709,0.20761813746706,NA,NA,NA,NA,NA,NA,NA,NA,NA,NA,NA,NA,NA,NA,0.1,0.101447851956888,0.103244082926532,NA,0.103279555898865,0.106842803292429,0.113045853879588,NA,NA,NA,NA,NA,NA,NA,NA,NA,NA,NA,NA,NA,NA,0.0318082490225782,0.0298607881119481,0.0346410161513775,NA,0.0329646275068696,0.0576354591709492,0.0558342217413328,NA,NA,NA,NA,NA,NA,NA,NA,NA,NA,NA,NA,NA,NA,2,1,1,NA,1,1,1,NA,NA,NA,NA,NA,NA,NA,NA,NA,NA,NA,NA,NA,NA,1,1,1,NA,1,1,1,NA,NA,NA,NA,NA,NA,NA,NA,NA,NA,NA,NA,NA,NA,1,1,1,NA,1,1,1,NA,NA,NA,NA,NA,NA,NA,NA,NA,NA,NA,NA,NA,NA,NA,"bet365","bet365",NA,"Duelbits","Megapari","Megapari",NA,NA,NA,NA,NA,NA,NA,NA,NA,NA,NA,NA,NA,NA,"BetInAsia","BetInAsia","BetInAsia",NA,"BetInAsia","BetInAsia","BetInAsia",NA,NA,NA,NA,NA,NA,NA,NA,NA,NA,NA,NA,NA,NA,"BetInAsia","BetInAsia","BetInAsia",NA,"BetInAsia","Stake.com","Stake.com",NA,NA,NA,NA,NA,NA
NA,NA,"2026-04-04_Nagoya Grampus_Cerezo Osaka",NA,NA,NA,NA,NA,NA,NA,NA,2.5,2.4,2.2,NA,2.2,2.2,2.2,NA,NA,NA,NA,NA,NA,NA,NA,NA,NA,NA,NA,NA,NA,3.6,3.5,3.6,NA,3.6,3.6,3.6,NA,NA,NA,NA,NA,NA,NA,NA,NA,NA,NA,NA,NA,NA,3.35,3.3,3.21,NA,3.21,3.35,3.35,NA,NA,NA,NA,NA,NA,NA,NA,NA,NA,NA,NA,NA,NA,NA,0.13372491518478,0.11,0.0606080302710238,NA,0.0361478445646025,0.0296232756719857,0.0289132986007967,NA,NA,NA,NA,NA,NA,NA,NA,NA,NA,NA,NA,NA,NA,0.101298755710506,0.0763762615825974,0.104682058316281,NA,0.109354164682162,0.0913151769338567,0.0908280543099733,NA,NA,NA,NA,NA,NA,NA,NA,NA,NA,NA,NA,NA,NA,0.254419755059834,0.258560115511525,0.0455887413001646,NA,0.0600971435815935,0.0851785455110888,0.0826575775853318,NA,NA,NA,NA,NA,NA,NA,NA,NA,NA,NA,NA,NA,NA,1,1,1,NA,1,1,1,NA,NA,NA,NA,NA,NA,NA,NA,NA,NA,NA,NA,NA,NA,1,1,1,NA,1,1,1,NA,NA,NA,NA,NA,NA,NA,NA,NA,NA,NA,NA,NA,NA,1,2,1,NA,1,1,1,NA,NA,NA,NA,NA,NA,NA,NA,NA,NA,NA,NA,NA,NA,"Betfair","Betfair","BetInAsia",NA,"BetInAsia","BetInAsia","BetInAsia",NA,NA,NA,NA,NA,NA,NA,NA,NA,NA,NA,NA,NA,NA,"BetInAsia","BetInAsia","BetInAsia",NA,"BetInAsia","BetInAsia","BetInAsia",NA,NA,NA,NA,NA,NA,NA,NA,NA,NA,NA,NA,NA,NA,"Stake.com",NA,"BetInAsia",NA,"BetInAsia","Megapari","Megapari",NA,NA,NA,NA,NA,NA
NA,NA,"2026-04-04_Gamba Osaka_Kyoto",NA,NA,NA,NA,NA,NA,NA,NA,2.4,2.4,2.34,NA,2.34,2.43,2.43,NA,NA,NA,NA,NA,NA,NA,NA,NA,NA,NA,NA,NA,NA,3.7,3.61,3.7,NA,3.7,3.7,3.7,NA,NA,NA,NA,NA,NA,NA,NA,NA,NA,NA,NA,NA,NA,2.98,2.9,2.91,NA,2.91,3.15,3.15,NA,NA,NA,NA,NA,NA,NA,NA,NA,NA,NA,NA,NA,NA,NA,0.0637601715581457,0.0760591874792256,0.0589654396822669,NA,0.0643137911824807,0.0721280911882571,0.0706283214324097,NA,NA,NA,NA,NA,NA,NA,NA,NA,NA,NA,NA,NA,NA,0.0993442552226934,0.065916613990708,0.103244082926532,NA,0.103244082926532,0.0837578928542536,0.0820891243626362,NA,NA,NA,NA,NA,NA,NA,NA,NA,NA,NA,NA,NA,NA,0.164710083980022,0.160036454180498,0.134327793266904,NA,0.0621943073611393,0.116629591178489,0.112520427304763,NA,NA,NA,NA,NA,NA,NA,NA,NA,NA,NA,NA,NA,NA,1,1,1,NA,1,1,1,NA,NA,NA,NA,NA,NA,NA,NA,NA,NA,NA,NA,NA,NA,1,1,1,NA,1,1,1,NA,NA,NA,NA,NA,NA,NA,NA,NA,NA,NA,NA,NA,NA,1,1,1,NA,1,1,1,NA,NA,NA,NA,NA,NA,NA,NA,NA,NA,NA,NA,NA,NA,"Betfair","Betfair","BetInAsia",NA,"BetInAsia","Stake.com","Stake.com",NA,NA,NA,NA,NA,NA,NA,NA,NA,NA,NA,NA,NA,NA,"BetInAsia","BetInAsia","BetInAsia",NA,"BetInAsia","BetInAsia","BetInAsia",NA,NA,NA,NA,NA,NA,NA,NA,NA,NA,NA,NA,NA,NA,"BetInAsia","BetInAsia","BetInAsia",NA,"BetInAsia","Megapari","Megapari",NA,NA,NA,NA,NA,NA
NA,NA,"2026-03-28_Vissel Kobe_Sanfrecce Hiroshima",NA,NA,NA,NA,NA,NA,NA,NA,NA,NA,NA,NA,NA,NA,NA,NA,NA,NA,NA,2.57,NA,NA,NA,NA,NA,NA,NA,NA,NA,NA,NA,NA,NA,NA,NA,NA,NA,NA,NA,NA,3.5,NA,NA,NA,NA,NA,NA,NA,NA,NA,NA,NA,NA,NA,NA,NA,NA,NA,NA,NA,NA,2.86,NA,NA,NA,NA,NA,NA,NA,NA,NA,NA,NA,NA,NA,NA,NA,NA,NA,NA,NA,NA,NA,0.0458569203376888,NA,NA,NA,NA,NA,NA,NA,NA,NA,NA,NA,NA,NA,NA,NA,NA,NA,NA,NA,NA,0.0937152051832555,NA,NA,NA,NA,NA,NA,NA,NA,NA,NA,NA,NA,NA,NA,NA,NA,NA,NA,NA,NA,0.0834190035826979,NA,NA,NA,NA,NA,NA,NA,NA,NA,NA,NA,NA,NA,NA,NA,NA,NA,NA,NA,NA,1,NA,NA,NA,NA,NA,NA,NA,NA,NA,NA,NA,NA,NA,NA,NA,NA,NA,NA,NA,NA,1,NA,NA,NA,NA,NA,NA,NA,NA,NA,NA,NA,NA,NA,NA,NA,NA,NA,NA,NA,NA,1,NA,NA,NA,NA,NA,NA,NA,NA,NA,NA,NA,NA,NA,NA,NA,NA,NA,NA,NA,NA,"BetInAsia",NA,NA,NA,NA,NA,NA,NA,NA,NA,NA,NA,NA,NA,NA,NA,NA,NA,NA,NA,NA,"BetInAsia",NA,NA,NA,NA,NA,NA,NA,NA,NA,NA,NA,NA,NA,NA,NA,NA,NA,NA,NA,NA,"BetInAsia",NA
NA,NA,"2026-04-01_Machida_FC Tokyo",NA,NA,NA,NA,NA,NA,NA,NA,NA,NA,NA,NA,NA,NA,NA,2.25,2.44,2.43,NA,NA,NA,NA,NA,NA,NA,NA,NA,NA,NA,NA,NA,NA,NA,NA,NA,NA,3.2,3.45,3.45,NA,NA,NA,NA,NA,NA,NA,NA,NA,NA,NA,NA,NA,NA,NA,NA,NA,NA,3.05,2.91,2.95,NA,NA,NA,NA,NA,NA,NA,NA,NA,NA,NA,NA,NA,NA,NA,NA,NA,NA,NA,0,0.0340678056912298,0.0509862410282769,NA,NA,NA,NA,NA,NA,NA,NA,NA,NA,NA,NA,NA,NA,NA,NA,NA,NA,0,0.0691130623298909,0.096199976527393,NA,NA,NA,NA,NA,NA,NA,NA,NA,NA,NA,NA,NA,NA,NA,NA,NA,NA,0,0.0544962948634689,0.0704364275256819,NA,NA,NA,NA,NA,NA,NA,NA,NA,NA,NA,NA,NA,NA,NA,NA,NA,NA,1,1,1,NA,NA,NA,NA,NA,NA,NA,NA,NA,NA,NA,NA,NA,NA,NA,NA,NA,NA,1,1,1,NA,NA,NA,NA,NA,NA,NA,NA,NA,NA,NA,NA,NA,NA,NA,NA,NA,NA,1,1,1,NA,NA,NA,NA,NA,NA,NA,NA,NA,NA,NA,NA,NA,NA,NA,NA,NA,NA,"Unibet","Stake.com","BetInAsia",NA,NA,NA,NA,NA,NA,NA,NA,NA,NA,NA,NA,NA,NA,NA,NA,NA,NA,"Unibet","BetInAsia","BetInAsia",NA,NA,NA,NA,NA,NA,NA,NA,NA,NA,NA,NA,NA,NA,NA,NA,NA,NA,"Unibet","BetInAsia","Betfair Exchange",NA,NA,NA
NA,NA,"2026-04-01_Vissel Kobe_Shimizu S-Pulse",NA,NA,NA,NA,NA,NA,NA,NA,NA,NA,NA,NA,NA,NA,NA,1.88,1.92,1.92,NA,NA,NA,NA,NA,NA,NA,NA,NA,NA,NA,NA,NA,NA,NA,NA,NA,NA,4,3.99,3.99,NA,NA,NA,NA,NA,NA,NA,NA,NA,NA,NA,NA,NA,NA,NA,NA,NA,NA,4.4,4.4,4.4,NA,NA,NA,NA,NA,NA,NA,NA,NA,NA,NA,NA,NA,NA,NA,NA,NA,NA,NA,0.0596305047894891,0.0504990479727474,0.0505454123504539,NA,NA,NA,NA,NA,NA,NA,NA,NA,NA,NA,NA,NA,NA,NA,NA,NA,NA,0.169397910771984,0.177905765894368,0.272195375751766,NA,NA,NA,NA,NA,NA,NA,NA,NA,NA,NA,NA,NA,NA,NA,NA,NA,NA,0.279440434657798,0.179661219650079,0.271875208564992,NA,NA,NA,NA,NA,NA,NA,NA,NA,NA,NA,NA,NA,NA,NA,NA,NA,NA,1,1,1,NA,NA,NA,NA,NA,NA,NA,NA,NA,NA,NA,NA,NA,NA,NA,NA,NA,NA,1,1,1,NA,NA,NA,NA,NA,NA,NA,NA,NA,NA,NA,NA,NA,NA,NA,NA,NA,NA,2,1,1,NA,NA,NA,NA,NA,NA,NA,NA,NA,NA,NA,NA,NA,NA,NA,NA,NA,NA,"BetInAsia","BetInAsia","BetInAsia",NA,NA,NA,NA,NA,NA,NA,NA,NA,NA,NA,NA,NA,NA,NA,NA,NA,NA,"BetInAsia","BetInAsia","BetInAsia",NA,NA,NA,NA,NA,NA,NA,NA,NA,NA,NA,NA,NA,NA,NA,NA,NA,NA,NA,"Unibet","Unibet",NA,NA,NA
NA,NA,"2026-04-05_V-Varen Nagasaki_Shimizu S-Pulse",NA,NA,NA,NA,NA,NA,NA,NA,NA,NA,NA,2.71,2.85,2.85,NA,NA,NA,NA,NA,NA,NA,NA,NA,NA,NA,NA,NA,NA,NA,NA,NA,NA,3.55,3.55,3.55,NA,NA,NA,NA,NA,NA,NA,NA,NA,NA,NA,NA,NA,NA,NA,NA,NA,NA,2.54,2.54,2.6,NA,NA,NA,NA,NA,NA,NA,NA,NA,NA,NA,NA,NA,NA,NA,NA,NA,NA,NA,0.0531507290636733,0.0931510825648664,0.0893187894781729,NA,NA,NA,NA,NA,NA,NA,NA,NA,NA,NA,NA,NA,NA,NA,NA,NA,NA,0.0771902411793961,0.0840168050416806,0.0765084208537757,NA,NA,NA,NA,NA,NA,NA,NA,NA,NA,NA,NA,NA,NA,NA,NA,NA,NA,0.0698092639506631,0.0691120147892919,0.0727059409275051,NA,NA,NA,NA,NA,NA,NA,NA,NA,NA,NA,NA,NA,NA,NA,NA,NA,NA,1,1,1,NA,NA,NA,NA,NA,NA,NA,NA,NA,NA,NA,NA,NA,NA,NA,NA,NA,NA,1,1,1,NA,NA,NA,NA,NA,NA,NA,NA,NA,NA,NA,NA,NA,NA,NA,NA,NA,NA,1,1,1,NA,NA,NA,NA,NA,NA,NA,NA,NA,NA,NA,NA,NA,NA,NA,NA,NA,NA,"BetInAsia","Duelbits","Megapari",NA,NA,NA,NA,NA,NA,NA,NA,NA,NA,NA,NA,NA,NA,NA,NA,NA,NA,"BetInAsia","BetInAsia","BetInAsia",NA,NA,NA,NA,NA,NA,NA,NA,NA,NA,NA,NA,NA,NA,NA,NA,NA,NA,"BetInAsia","BetInAsia","Stake.com",NA,NA,NA,NA,NA,NA,NA
NA,NA,"2026-04-05_Kashiwa Reysol_Yokohama F. Marinos",NA,NA,NA,NA,NA,NA,NA,NA,NA,NA,NA,1.64,1.65,1.65,NA,NA,NA,NA,NA,NA,NA,NA,NA,NA,NA,NA,NA,NA,NA,NA,NA,NA,4.1,4.1,4.1,NA,NA,NA,NA,NA,NA,NA,NA,NA,NA,NA,NA,NA,NA,NA,NA,NA,NA,5.25,5.6,5.6,NA,NA,NA,NA,NA,NA,NA,NA,NA,NA,NA,NA,NA,NA,NA,NA,NA,NA,NA,0.0287467150536131,0.0330655913803659,0.0278062655852435,NA,NA,NA,NA,NA,NA,NA,NA,NA,NA,NA,NA,NA,NA,NA,NA,NA,NA,0.123590959518588,0.138443731048634,0.127858617570176,NA,NA,NA,NA,NA,NA,NA,NA,NA,NA,NA,NA,NA,NA,NA,NA,NA,NA,0.149018768638697,0.316985804098543,0.261960280206365,NA,NA,NA,NA,NA,NA,NA,NA,NA,NA,NA,NA,NA,NA,NA,NA,NA,NA,1,1,1,NA,NA,NA,NA,NA,NA,NA,NA,NA,NA,NA,NA,NA,NA,NA,NA,NA,NA,1,1,1,NA,NA,NA,NA,NA,NA,NA,NA,NA,NA,NA,NA,NA,NA,NA,NA,NA,NA,1,1,1,NA,NA,NA,NA,NA,NA,NA,NA,NA,NA,NA,NA,NA,NA,NA,NA,NA,NA,"BetInAsia","Duelbits","Megapari",NA,NA,NA,NA,NA,NA,NA,NA,NA,NA,NA,NA,NA,NA,NA,NA,NA,NA,"BetInAsia","BetInAsia","BetInAsia",NA,NA,NA,NA,NA,NA,NA,NA,NA,NA,NA,NA,NA,NA,NA,NA,NA,NA,"bet365","Duelbits","Megapari",NA,NA,NA,NA,NA,NA,NA
NA,NA,"2026-03-29_Machida_Kawasaki Frontale",NA,NA,NA,NA,NA,NA,NA,NA,NA,NA,NA,NA,NA,NA,NA,NA,NA,NA,NA,2.04,NA,NA,NA,NA,NA,NA,NA,NA,NA,NA,NA,NA,NA,NA,NA,NA,NA,NA,NA,NA,3.6,NA,NA,NA,NA,NA,NA,NA,NA,NA,NA,NA,NA,NA,NA,NA,NA,NA,NA,NA,NA,3.5,NA,NA,NA,NA,NA,NA,NA,NA,NA,NA,NA,NA,NA,NA,NA,NA,NA,NA,NA,NA,NA,0.0357770876399967,NA,NA,NA,NA,NA,NA,NA,NA,NA,NA,NA,NA,NA,NA,NA,NA,NA,NA,NA,NA,0.0447213595499958,NA,NA,NA,NA,NA,NA,NA,NA,NA,NA,NA,NA,NA,NA,NA,NA,NA,NA,NA,NA,0.0930949336251264,NA,NA,NA,NA,NA,NA,NA,NA,NA,NA,NA,NA,NA,NA,NA,NA,NA,NA,NA,NA,1,NA,NA,NA,NA,NA,NA,NA,NA,NA,NA,NA,NA,NA,NA,NA,NA,NA,NA,NA,NA,1,NA,NA,NA,NA,NA,NA,NA,NA,NA,NA,NA,NA,NA,NA,NA,NA,NA,NA,NA,NA,1,NA,NA,NA,NA,NA,NA,NA,NA,NA,NA,NA,NA,NA,NA,NA,NA,NA,NA,NA,NA,"Stake.com",NA,NA,NA,NA,NA,NA,NA,NA,NA,NA,NA,NA,NA,NA,NA,NA,NA,NA,NA,NA,"BetMGM.us",NA,NA,NA,NA,NA,NA,NA,NA,NA,NA,NA,NA,NA,NA,NA,NA,NA,NA,NA,NA,"bet365.us",NA
NA,NA,"2026-04-05_Sanfrecce Hiroshima_Avispa Fukuoka",NA,NA,NA,NA,NA,NA,NA,NA,NA,NA,NA,NA,1.54,1.54,NA,NA,NA,NA,NA,NA,NA,NA,NA,NA,NA,NA,NA,NA,NA,NA,NA,NA,NA,4.1,4.1,NA,NA,NA,NA,NA,NA,NA,NA,NA,NA,NA,NA,NA,NA,NA,NA,NA,NA,NA,6.6,6.6,NA,NA,NA,NA,NA,NA,NA,NA,NA,NA,NA,NA,NA,NA,NA,NA,NA,NA,NA,NA,0.0328379861339476,0.0290426972037648,NA,NA,NA,NA,NA,NA,NA,NA,NA,NA,NA,NA,NA,NA,NA,NA,NA,NA,NA,0.132759180473517,0.114840784554536,NA,NA,NA,NA,NA,NA,NA,NA,NA,NA,NA,NA,NA,NA,NA,NA,NA,NA,NA,0.254869247523771,0.210029328524803,NA,NA,NA,NA,NA,NA,NA,NA,NA,NA,NA,NA,NA,NA,NA,NA,NA,NA,NA,1,1,NA,NA,NA,NA,NA,NA,NA,NA,NA,NA,NA,NA,NA,NA,NA,NA,NA,NA,NA,1,1,NA,NA,NA,NA,NA,NA,NA,NA,NA,NA,NA,NA,NA,NA,NA,NA,NA,NA,NA,1,1,NA,NA,NA,NA,NA,NA,NA,NA,NA,NA,NA,NA,NA,NA,NA,NA,NA,NA,NA,"Stake.com","Stake.com",NA,NA,NA,NA,NA,NA,NA,NA,NA,NA,NA,NA,NA,NA,NA,NA,NA,NA,NA,"BetInAsia","BetInAsia",NA,NA,NA,NA,NA,NA,NA,NA,NA,NA,NA,NA,NA,NA,NA,NA,NA,NA,NA,"BetInAsia","BetInAsia",NA,NA,NA,NA,NA,NA,NA
NA,NA,"2026-04-05_Okayama_Vissel Kobe",NA,NA,NA,NA,NA,NA,NA,NA,NA,NA,NA,NA,NA,3.7,NA,NA,NA,NA,NA,NA,NA,NA,NA,NA,NA,NA,NA,NA,NA,NA,NA,NA,NA,NA,3.2,NA,NA,NA,NA,NA,NA,NA,NA,NA,NA,NA,NA,NA,NA,NA,NA,NA,NA,NA,NA,1.98,NA,NA,NA,NA,NA,NA,NA,NA,NA,NA,NA,NA,NA,NA,NA,NA,NA,NA,NA,NA,NA,0,NA,NA,NA,NA,NA,NA,NA,NA,NA,NA,NA,NA,NA,NA,NA,NA,NA,NA,NA,NA,0,NA,NA,NA,NA,NA,NA,NA,NA,NA,NA,NA,NA,NA,NA,NA,NA,NA,NA,NA,NA,0,NA,NA,NA,NA,NA,NA,NA,NA,NA,NA,NA,NA,NA,NA,NA,NA,NA,NA,NA,NA,1,NA,NA,NA,NA,NA,NA,NA,NA,NA,NA,NA,NA,NA,NA,NA,NA,NA,NA,NA,NA,1,NA,NA,NA,NA,NA,NA,NA,NA,NA,NA,NA,NA,NA,NA,NA,NA,NA,NA,NA,NA,1,NA,NA,NA,NA,NA,NA,NA,NA,NA,NA,NA,NA,NA,NA,NA,NA,NA,NA,NA,NA,"Unibet",NA,NA,NA,NA,NA,NA,NA,NA,NA,NA,NA,NA,NA,NA,NA,NA,NA,NA,NA,NA,"Unibet",NA,NA,NA,NA,NA,NA,NA,NA,NA,NA,NA,NA,NA,NA,NA,NA,NA,NA,NA,NA,"Unibet",NA,NA,NA,NA,NA,NA,NA
